naselje_ime_lat,opstina_ime_lat,latitude,longitude,ulica_ime_lat,kucni_broj_lat
ALEKSANDROVO,NOVA CRNJA,45.63351688465465,20.5795597481879,ŽELEZNIČKA,68
ALEKSANDROVO,NOVA CRNJA,45.63374766191282,20.584552404785743,BRANKA RADIČEVIĆA,14
ALEKSANDROVO,NOVA CRNJA,45.63717289026564,20.584829133282657,KARAĐORĐEVA,47
ALEKSANDROVO,NOVA CRNJA,45.639620385244555,20.585786377235397,KARAĐORĐEVA,39A
ALEKSANDROVO,NOVA CRNJA,45.63029589516503,20.588981833447548,4.OKTOBRA,76
ALEKSANDROVO,NOVA CRNJA,45.633995320323685,20.588618511760856,MIHAJLA PUPINA,71
ALEKSANDROVO,NOVA CRNJA,45.64105195432843,20.588693649237822,ĐURE JAKŠIĆA,29
ALEKSANDROVO,NOVA CRNJA,45.64367772323704,20.587376823512177,KARAĐORĐEVA,21
ALEKSANDROVO,NOVA CRNJA,45.63313210680821,20.590139278657563,BRANKA RADIČEVIĆA,31
ALEKSANDROVO,NOVA CRNJA,45.638059883977505,20.59244002649617,4.OKTOBRA,47A
ALEKSANDROVO,NOVA CRNJA,45.640043282301065,20.59326098123159,4.OKTOBRA,31
ALEKSANDROVO,NOVA CRNJA,45.632335222797394,20.59436711829136,BRANKA RADIČEVIĆA,47
ALEKSANDROVO,NOVA CRNJA,45.63147322502385,20.597145814093658,BRANKA RADIČEVIĆA,58
ALEKSANDROVO,NOVA CRNJA,45.637663119990634,20.599488799205364,GAVRILA PRINCIPA,35
ALEKSANDROVO,NOVA CRNJA,45.64426625791588,20.589891784090042,ĐURE JAKŠIĆA,19
ALEKSANDROVO,NOVA CRNJA,45.64254489571461,20.603136195826234,VUKA KARADŽIĆA,6
ALEKSANDROVO,NOVA CRNJA,45.644383663883595,20.603024401820242,SVETOZARA MARKOVIĆA,61
ALEKSANDROVO,NOVA CRNJA,45.636105092973594,20.583933611726426,KARAĐORĐEVA,64A
ALEKSANDROVO,NOVA CRNJA,45.63585343985584,20.584357472655583,KARAĐORĐEVA,55
ALEKSANDROVO,NOVA CRNJA,45.63899596799869,20.5872969903656,ĐURE JAKŠIĆA,48A
ALEKSANDROVO,NOVA CRNJA,45.629111580470195,20.59628471146587,GAVRILA PRINCIPA,71
ALEKSANDROVO,NOVA CRNJA,45.63111283679086,20.59891348166086,BRANKA RADIČEVIĆA,64
ALEKSANDROVO,NOVA CRNJA,45.631055436493334,20.599433871082553,VUKA KARADŽIĆA,75
ALEKSANDROVO,NOVA CRNJA,45.643949496518566,20.589735999553323,ĐURE JAKŠIĆA,21
ALEKSANDROVO,NOVA CRNJA,45.63594355867079,20.583868344524692,KARAĐORĐEVA,66
ALEKSANDROVO,NOVA CRNJA,45.63122725762627,20.586796055206595,MIHAJLA PUPINA,88
ALEKSANDROVO,NOVA CRNJA,45.63255092661007,20.58739151211694,MIHAJLA PUPINA,76
ALEKSANDROVO,NOVA CRNJA,45.63952969677355,20.588237722817205,ĐURE JAKŠIĆA,37A
ALEKSANDROVO,NOVA CRNJA,45.64427967754692,20.585058314637966,ŽELEZNIČKA,17
ALEKSANDROVO,NOVA CRNJA,45.644283343630846,20.586914384498087,KARAĐORĐEVA,18A
ALEKSANDROVO,NOVA CRNJA,45.63584169186139,20.591103761450363,4.OKTOBRA,48A
ALEKSANDROVO,NOVA CRNJA,45.63864720807696,20.592141291498045,4.OKTOBRA,40
ALEKSANDROVO,NOVA CRNJA,45.639556047512514,20.59300402821651,4.OKTOBRA,37
ALEKSANDROVO,NOVA CRNJA,45.62858467811936,20.59560111919772,GAVRILA PRINCIPA,78
ALEKSANDROVO,NOVA CRNJA,45.629946195342804,20.596629599716522,GAVRILA PRINCIPA,65A
ALEKSANDROVO,NOVA CRNJA,45.63304500935451,20.599615611024273,VUKA KARADŽIĆA,44
ALEKSANDROVO,NOVA CRNJA,45.63337810149706,20.599760527958168,VUKA KARADŽIĆA,42
ALEKSANDROVO,NOVA CRNJA,45.6392972389204,20.600260256573915,GAVRILA PRINCIPA,25
ALEKSANDROVO,NOVA CRNJA,45.63789128180368,20.60200950522637,VUKA KARADŽIĆA,43A
ALEKSANDROVO,NOVA CRNJA,45.64308942955207,20.59431492332917,4.OKTOBRA,17
ALEKSANDROVO,NOVA CRNJA,45.63196520987872,20.579069708662416,ŽELEZNIČKA,78
ALEKSANDROVO,NOVA CRNJA,45.63325933112264,20.579672012178285,ŽELEZNIČKA,70
ALEKSANDROVO,NOVA CRNJA,45.63726609662655,20.582471018802096,ŽELEZNIČKA,47
ALEKSANDROVO,NOVA CRNJA,45.63864274469514,20.58245925452062,ŽELEZNIČKA,80
ALEKSANDROVO,NOVA CRNJA,45.639824572748324,20.585799243966644,KARAĐORĐEVA,39
ALEKSANDROVO,NOVA CRNJA,45.632436509636044,20.587985859395527,MIHAJLA PUPINA,75
ALEKSANDROVO,NOVA CRNJA,45.63764032267323,20.587915773930877,NIKOLE TESLE,22
ALEKSANDROVO,NOVA CRNJA,45.64119968294919,20.58877520523298,ĐURE JAKŠIĆA,27A
ALEKSANDROVO,NOVA CRNJA,45.63491280685813,20.591358271816237,4.OKTOBRA,63
ALEKSANDROVO,NOVA CRNJA,45.63351302539778,20.597991712220722,GAVRILA PRINCIPA,51
ALEKSANDROVO,NOVA CRNJA,45.6387486765813,20.599373410914197,GAVRILA PRINCIPA,32
ALEKSANDROVO,NOVA CRNJA,45.64693116676334,20.588942705690055,SVETOZARA MARKOVIĆA,11
ALEKSANDROVO,NOVA CRNJA,45.643436555319816,20.59129874401231,MIHAJLA PUPINA,22
ALEKSANDROVO,NOVA CRNJA,45.64453234149199,20.59982033852383,SVETOZARA MARKOVIĆA,52
ALEKSANDROVO,NOVA CRNJA,45.64220820274309,20.60304156271658,VUKA KARADŽIĆA,8
ALEKSANDROVO,NOVA CRNJA,45.63171608589236,20.58226346475575,KARAĐORĐEVA,88
ALEKSANDROVO,NOVA CRNJA,45.63163345745333,20.582756095354245,KARAĐORĐEVA,77
ALEKSANDROVO,NOVA CRNJA,45.63180553028379,20.58470069616282,ĐURE JAKŠIĆA,86
ALEKSANDROVO,NOVA CRNJA,45.6365107300497,20.58461667019426,KARAĐORĐEVA,51
ALEKSANDROVO,NOVA CRNJA,45.63667861151781,20.58471961583413,KARAĐORĐEVA,49A
ALEKSANDROVO,NOVA CRNJA,45.63835024096675,20.58652505989375,NIKOLE TESLE,21
ALEKSANDROVO,NOVA CRNJA,45.64156365921766,20.58595350068923,KARAĐORĐEVA,32
ALEKSANDROVO,NOVA CRNJA,45.64162475625951,20.588939167098378,ĐURE JAKŠIĆA,25A
ALEKSANDROVO,NOVA CRNJA,45.645679338068405,20.587998124319245,KARAĐORĐEVA,5
ALEKSANDROVO,NOVA CRNJA,45.64022027404078,20.590247867256373,MIHAJLA PUPINA,42
ALEKSANDROVO,NOVA CRNJA,45.63756058611734,20.59125126198081,NIKOLE TESLE,31
ALEKSANDROVO,NOVA CRNJA,45.63634508744204,20.59132284147607,4.OKTOBRA,46
ALEKSANDROVO,NOVA CRNJA,45.63161989869798,20.59248991406896,ŽARKA ZRENJANINA,57
ALEKSANDROVO,NOVA CRNJA,45.639642448870234,20.592496944589815,4.OKTOBRA,30
ALEKSANDROVO,NOVA CRNJA,45.63988188454515,20.595005953070956,ŽARKA ZRENJANINA,26
ALEKSANDROVO,NOVA CRNJA,45.6282988386602,20.598442077551006,VUKA KARADŽIĆA,91
ALEKSANDROVO,NOVA CRNJA,45.63529417939392,20.59813396883306,GAVRILA PRINCIPA,44B
ALEKSANDROVO,NOVA CRNJA,45.63235137315541,20.59940321330724,VUKA KARADŽIĆA,48
ALEKSANDROVO,NOVA CRNJA,45.63367269206199,20.599706340717635,VUKA KARADŽIĆA,40
ALEKSANDROVO,NOVA CRNJA,45.639316964040646,20.601965408603174,VUKA KARADŽIĆA,18
ALEKSANDROVO,NOVA CRNJA,45.64141183500447,20.585760729423743,KARAĐORĐEVA,34
ALEKSANDROVO,NOVA CRNJA,45.64379019752313,20.586768896213833,KARAĐORĐEVA,22
ALEKSANDROVO,NOVA CRNJA,45.627926193877705,20.591106924167164,ŽARKA ZRENJANINA,77
ALEKSANDROVO,NOVA CRNJA,45.6293975841774,20.591083781229635,ŽARKA ZRENJANINA,86
ALEKSANDROVO,NOVA CRNJA,45.63071598568494,20.591621882392882,ŽARKA ZRENJANINA,76
ALEKSANDROVO,NOVA CRNJA,45.64126857317114,20.591342994045828,MIHAJLA PUPINA,31
ALEKSANDROVO,NOVA CRNJA,45.633777222872865,20.59263606656124,ŽARKA ZRENJANINA,62
ALEKSANDROVO,NOVA CRNJA,45.63792230032427,20.599039404802113,GAVRILA PRINCIPA,36A
ALEKSANDROVO,NOVA CRNJA,45.639150257001305,20.60002969576677,GAVRILA PRINCIPA,25A
ALEKSANDROVO,NOVA CRNJA,45.63576085982382,20.600644400830223,NIKOLE TESLE,73
ALEKSANDROVO,NOVA CRNJA,45.643162364011864,20.592123286411056,MIHAJLA PUPINA,23
ALEKSANDROVO,NOVA CRNJA,45.64376452900577,20.604202683520615,VUKA KARADŽIĆA,9
ALEKSANDROVO,NOVA CRNJA,45.63909026083953,20.58189058161409,ŽELEZNIČKA,8A
ALEKSANDROVO,NOVA CRNJA,45.63329613476127,20.583379613047256,KARAĐORĐEVA,65
ALEKSANDROVO,NOVA CRNJA,45.642108174001315,20.586712867305973,KARAĐORĐEVA,23A
ALEKSANDROVO,NOVA CRNJA,45.633259612013724,20.589501980616745,BRANKA RADIČEVIĆA,29
ALEKSANDROVO,NOVA CRNJA,45.63892706352192,20.58970772867564,MIHAJLA PUPINA,50A
ALEKSANDROVO,NOVA CRNJA,45.63297011165147,20.590798122533723,BRANKA RADIČEVIĆA,33A
ALEKSANDROVO,NOVA CRNJA,45.631387076530764,20.591843322447613,ŽARKA ZRENJANINA,72
ALEKSANDROVO,NOVA CRNJA,45.636820409868605,20.59488147977942,NIKOLE TESLE,51
ALEKSANDROVO,NOVA CRNJA,45.636403676892705,20.59691994963568,NIKOLE TESLE,59
ALEKSANDROVO,NOVA CRNJA,45.632901747944224,20.597908069356148,GAVRILA PRINCIPA,57
ALEKSANDROVO,NOVA CRNJA,45.63016519257131,20.59857295157039,VUKA KARADŽIĆA,52
ALEKSANDROVO,NOVA CRNJA,45.63488395250698,20.59842558460434,GAVRILA PRINCIPA,43
ALEKSANDROVO,NOVA CRNJA,45.63228909606219,20.599893883285375,VUKA KARADŽIĆA,69
ALEKSANDROVO,NOVA CRNJA,45.64272289000814,20.60133984658026,GAVRILA PRINCIPA,7
ALEKSANDROVO,NOVA CRNJA,45.643344711993905,20.592044712638224,MIHAJLA PUPINA,21
ALEKSANDROVO,NOVA CRNJA,45.64418121882065,20.60193378553654,SVETOZARA MARKOVIĆA,60
ALEKSANDROVO,NOVA CRNJA,45.632372284966074,20.580822164181992,ŽELEZNIČKA,71
ALEKSANDROVO,NOVA CRNJA,45.63627777343074,20.583970056054355,KARAĐORĐEVA,64
ALEKSANDROVO,NOVA CRNJA,45.63453050352271,20.58572585340075,ĐURE JAKŠIĆA,72
ALEKSANDROVO,NOVA CRNJA,45.63173187632442,20.587002496926765,MIHAJLA PUPINA,82
ALEKSANDROVO,NOVA CRNJA,45.640138689219164,20.585919086103903,KARAĐORĐEVA,37
ALEKSANDROVO,NOVA CRNJA,45.64189698189775,20.58598351032711,KARAĐORĐEVA,28
ALEKSANDROVO,NOVA CRNJA,45.63542799211645,20.586572340742975,ĐURE JAKŠIĆA,59
ALEKSANDROVO,NOVA CRNJA,45.64394470102492,20.58732994997273,KARAĐORĐEVA,19A
ALEKSANDROVO,NOVA CRNJA,45.63896844642971,20.5903790176693,MIHAJLA PUPINA,49
ALEKSANDROVO,NOVA CRNJA,45.63466417477868,20.59072228306821,4.OKTOBRA,58
ALEKSANDROVO,NOVA CRNJA,45.63623824719241,20.59175100845778,4.OKTOBRA,49
ALEKSANDROVO,NOVA CRNJA,45.631858450694914,20.594927238026923,BRANKA RADIČEVIĆA,50
ALEKSANDROVO,NOVA CRNJA,45.633183553268864,20.597801874550537,GAVRILA PRINCIPA,55
ALEKSANDROVO,NOVA CRNJA,45.63623851049016,20.601306279296004,VUKA KARADŽIĆA,53
ALEKSANDROVO,NOVA CRNJA,45.64327413804317,20.591312500659136,MIHAJLA PUPINA,24
ALEKSANDROVO,NOVA CRNJA,45.643768526525044,20.596468946532912,ŽARKA ZRENJANINA,8
ALEKSANDROVO,NOVA CRNJA,45.64445778110207,20.602492225045232,SVETOZARA MARKOVIĆA,59
ALEKSANDROVO,NOVA CRNJA,45.64008133903017,20.583513332693215,ŽELEZNIČKA,37
ALEKSANDROVO,NOVA CRNJA,45.64039672002236,20.58551491341753,KARAĐORĐEVA,44
ALEKSANDROVO,NOVA CRNJA,45.643895288481,20.584920637198422,ŽELEZNIČKA,21
ALEKSANDROVO,NOVA CRNJA,45.632042656352404,20.590220734237672,4.OKTOBRA,77
ALEKSANDROVO,NOVA CRNJA,45.63809630483896,20.590266812972896,MIHAJLA PUPINA,51B
ALEKSANDROVO,NOVA CRNJA,45.63368256029846,20.590805126100562,4.OKTOBRA,73
ALEKSANDROVO,NOVA CRNJA,45.640947905185584,20.591151437302504,MIHAJLA PUPINA,33
ALEKSANDROVO,NOVA CRNJA,45.63955898859613,20.594895105980903,ŽARKA ZRENJANINA,28
ALEKSANDROVO,NOVA CRNJA,45.6266914967563,20.59786652153573,VUKA KARADŽIĆA,99A
ALEKSANDROVO,NOVA CRNJA,45.63181402020453,20.597330172663312,BRANKA RADIČEVIĆA,57
ALEKSANDROVO,NOVA CRNJA,45.6351079374609,20.597976844179925,GAVRILA PRINCIPA,46
ALEKSANDROVO,NOVA CRNJA,45.6356717844796,20.598753167138913,NIKOLE TESLE,54
ALEKSANDROVO,NOVA CRNJA,45.632960211710795,20.600152763089348,VUKA KARADŽIĆA,65
ALEKSANDROVO,NOVA CRNJA,45.638792384992726,20.60000529631963,GAVRILA PRINCIPA,27
ALEKSANDROVO,NOVA CRNJA,45.64516761585704,20.589693101078012,ĐURE JAKŠIĆA,10
ALEKSANDROVO,NOVA CRNJA,45.64303956110298,20.59125851434212,MIHAJLA PUPINA,26
ALEKSANDROVO,NOVA CRNJA,45.64559688877204,20.594234713300093,SVETOZARA MARKOVIĆA,32
ALEKSANDROVO,NOVA CRNJA,45.643607929182096,20.601179195779338,GAVRILA PRINCIPA,2
ALEKSANDROVO,NOVA CRNJA,45.632771407189914,20.583189512943058,KARAĐORĐEVA,69
ALEKSANDROVO,NOVA CRNJA,45.63895485441578,20.5833598757696,NIKOLE TESLE,3
ALEKSANDROVO,NOVA CRNJA,45.641127856000644,20.58633204117154,KARAĐORĐEVA,31
ALEKSANDROVO,NOVA CRNJA,45.644834146681994,20.587697106278515,KARAĐORĐEVA,11A
ALEKSANDROVO,NOVA CRNJA,45.63095379846886,20.59222891439677,ŽARKA ZRENJANINA,65
ALEKSANDROVO,NOVA CRNJA,45.63502178636198,20.590824119413362,4.OKTOBRA,56
ALEKSANDROVO,NOVA CRNJA,45.638324334476046,20.59198709373693,4.OKTOBRA,42
ALEKSANDROVO,NOVA CRNJA,45.63386077614451,20.59324925554305,ŽARKA ZRENJANINA,53
ALEKSANDROVO,NOVA CRNJA,45.635155007139964,20.59375169884956,ŽARKA ZRENJANINA,45
ALEKSANDROVO,NOVA CRNJA,45.63127984866018,20.596319564577023,GAVRILA PRINCIPA,62
ALEKSANDROVO,NOVA CRNJA,45.64201809978911,20.59631071905402,ŽARKA ZRENJANINA,15
ALEKSANDROVO,NOVA CRNJA,45.63271835604113,20.59951016598391,VUKA KARADŽIĆA,46
ALEKSANDROVO,NOVA CRNJA,45.640769804286684,20.603052490435434,VUKA KARADŽIĆA,29
ALEKSANDROVO,NOVA CRNJA,45.64253851465722,20.603631561081855,VUKA KARADŽIĆA,17
ALEKSANDROVO,NOVA CRNJA,45.6317137431592,20.59014012332941,4.OKTOBRA,79
ALEKSANDROVO,NOVA CRNJA,45.63490444037327,20.58185755890894,BRANKA RADIČEVIĆA,1
ALEKSANDROVO,NOVA CRNJA,45.637597413337495,20.584468654781833,KARAĐORĐEVA,52
ALEKSANDROVO,NOVA CRNJA,45.62822390802149,20.58664467692445,MIHAJLA PUPINA,93
ALEKSANDROVO,NOVA CRNJA,45.6337229039509,20.58675962461907,BRANKA RADIČEVIĆA,19A
ALEKSANDROVO,NOVA CRNJA,45.63156802384801,20.586967777435056,MIHAJLA PUPINA,84
ALEKSANDROVO,NOVA CRNJA,45.6390648673378,20.58790712787754,ĐURE JAKŠIĆA,41
ALEKSANDROVO,NOVA CRNJA,45.63138032492029,20.5899579358941,4.OKTOBRA,81
ALEKSANDROVO,NOVA CRNJA,45.63251817215393,20.593317985225607,BRANKA RADIČEVIĆA,43
ALEKSANDROVO,NOVA CRNJA,45.63723580072555,20.59265347670864,NIKOLE TESLE,37
ALEKSANDROVO,NOVA CRNJA,45.63532482310078,20.593869410392937,ŽARKA ZRENJANINA,43
ALEKSANDROVO,NOVA CRNJA,45.63699701333253,20.593894283512196,NIKOLE TESLE,45A
ALEKSANDROVO,NOVA CRNJA,45.62913710522713,20.598188747272907,VUKA KARADŽIĆA,58
ALEKSANDROVO,NOVA CRNJA,45.63120151187231,20.59835437918103,BRANKA RADIČEVIĆA,62A
ALEKSANDROVO,NOVA CRNJA,45.64669277509046,20.590257401593423,SVETOZARA MARKOVIĆA,15
ALEKSANDROVO,NOVA CRNJA,45.63896982783559,20.602413241451835,VUKA KARADŽIĆA,37
ALEKSANDROVO,NOVA CRNJA,45.635934207868246,20.58684704278547,ĐURE JAKŠIĆA,55
ALEKSANDROVO,NOVA CRNJA,45.632624957055775,20.588176669951256,MIHAJLA PUPINA,73
ALEKSANDROVO,NOVA CRNJA,45.63864232556408,20.587746755327693,ĐURE JAKŠIĆA,43
ALEKSANDROVO,NOVA CRNJA,45.635515050295865,20.59100374946631,4.OKTOBRA,52
ALEKSANDROVO,NOVA CRNJA,45.63572030926773,20.591567827962734,4.OKTOBRA,55
ALEKSANDROVO,NOVA CRNJA,45.63496145829242,20.592984941287884,ŽARKA ZRENJANINA,52
ALEKSANDROVO,NOVA CRNJA,45.640221295316806,20.595154407377528,ŽARKA ZRENJANINA,24
ALEKSANDROVO,NOVA CRNJA,45.631997016767755,20.596337637726432,BRANKA RADIČEVIĆA,53A
ALEKSANDROVO,NOVA CRNJA,45.63708226022243,20.598761961848936,GAVRILA PRINCIPA,42
ALEKSANDROVO,NOVA CRNJA,45.63587233424463,20.600090609795643,NIKOLE TESLE,71A
ALEKSANDROVO,NOVA CRNJA,45.64509740865543,20.590144426870108,ĐURE JAKŠIĆA,13
ALEKSANDROVO,NOVA CRNJA,45.6412306796439,20.602698156976682,VUKA KARADŽIĆA,14
ALEKSANDROVO,NOVA CRNJA,45.63707457074364,20.589078036367237,MIHAJLA PUPINA,54A
ALEKSANDROVO,NOVA CRNJA,45.62989467295219,20.591275812507014,ŽARKA ZRENJANINA,82
ALEKSANDROVO,NOVA CRNJA,45.632805936465395,20.59175463232749,BRANKA RADIČEVIĆA,37A
ALEKSANDROVO,NOVA CRNJA,45.630318200534425,20.59193985985347,ŽARKA ZRENJANINA,69
ALEKSANDROVO,NOVA CRNJA,45.63270036369649,20.592361867483003,BRANKA RADIČEVIĆA,39
ALEKSANDROVO,NOVA CRNJA,45.63344708361539,20.592614979447703,ŽARKA ZRENJANINA,66
ALEKSANDROVO,NOVA CRNJA,45.639712504219176,20.59306038050636,4.OKTOBRA,35
ALEKSANDROVO,NOVA CRNJA,45.639786651372496,20.595513098549656,ŽARKA ZRENJANINA,19
ALEKSANDROVO,NOVA CRNJA,45.62826159988612,20.598423613302213,VUKA KARADŽIĆA,91A
ALEKSANDROVO,NOVA CRNJA,45.63156268761785,20.598601463847253,BRANKA RADIČEVIĆA,61
ALEKSANDROVO,NOVA CRNJA,45.638627175787406,20.599941802398686,GAVRILA PRINCIPA,29
ALEKSANDROVO,NOVA CRNJA,45.636906044096705,20.60162308631314,VUKA KARADŽIĆA,49
ALEKSANDROVO,NOVA CRNJA,45.644162570656356,20.594228257682577,4.OKTOBRA,8
ALEKSANDROVO,NOVA CRNJA,45.64509249815841,20.596961199836564,SVETOZARA MARKOVIĆA,42
ALEKSANDROVO,NOVA CRNJA,45.645164512179775,20.598471223987655,SVETOZARA MARKOVIĆA,45
ALEKSANDROVO,NOVA CRNJA,45.63500729811846,20.584144584559006,KARAĐORĐEVA,61
ALEKSANDROVO,NOVA CRNJA,45.6398995099242,20.585267081611917,KARAĐORĐEVA,48
ALEKSANDROVO,NOVA CRNJA,45.633852418124555,20.585986426151567,BRANKA RADIČEVIĆA,17
ALEKSANDROVO,NOVA CRNJA,45.63735120885099,20.586768368694887,ĐURE JAKŠIĆA,52A
ALEKSANDROVO,NOVA CRNJA,45.63801790890128,20.588339511862486,NIKOLE TESLE,27A
ALEKSANDROVO,NOVA CRNJA,45.647104241462074,20.588014628057334,SVETOZARA MARKOVIĆA,7A
ALEKSANDROVO,NOVA CRNJA,45.631503146212275,20.58942012102226,4.OKTOBRA,70
ALEKSANDROVO,NOVA CRNJA,45.62973575278926,20.591235657539976,ŽARKA ZRENJANINA,84
ALEKSANDROVO,NOVA CRNJA,45.63086353912988,20.591654937173374,ŽARKA ZRENJANINA,74
ALEKSANDROVO,NOVA CRNJA,45.64028680467838,20.590879596014126,MIHAJLA PUPINA,37
ALEKSANDROVO,NOVA CRNJA,45.639966735304206,20.59264369630888,4.OKTOBRA,28
ALEKSANDROVO,NOVA CRNJA,45.634941199924,20.59786307608496,GAVRILA PRINCIPA,46A
ALEKSANDROVO,NOVA CRNJA,45.64354739206179,20.59449127092283,4.OKTOBRA,13A
ALEKSANDROVO,NOVA CRNJA,45.63826365433618,20.58468943024455,NIKOLE TESLE,8
ALEKSANDROVO,NOVA CRNJA,45.63479719855258,20.588089935574736,MIHAJLA PUPINA,68
ALEKSANDROVO,NOVA CRNJA,45.64128406822463,20.588088597529065,ĐURE JAKŠIĆA,30
ALEKSANDROVO,NOVA CRNJA,45.6325849913883,20.59090689989712,BRANKA RADIČEVIĆA,36
ALEKSANDROVO,NOVA CRNJA,45.63656511284927,20.591888746866726,4.OKTOBRA,47B
ALEKSANDROVO,NOVA CRNJA,45.643694972255474,20.58901577858281,ĐURE JAKŠIĆA,20
ALEKSANDROVO,NOVA CRNJA,45.64417758751294,20.603789134656605,SVETOZARA MARKOVIĆA,63
ALEKSANDROVO,NOVA CRNJA,45.63850169062348,20.58292479194095,ŽELEZNIČKA,41
ALEKSANDROVO,NOVA CRNJA,45.63709418467981,20.580997513349374,ŽELEZNIČKA,26
ALEKSANDROVO,NOVA CRNJA,45.636935115227885,20.584218472687972,KARAĐORĐEVA,58
ALEKSANDROVO,NOVA CRNJA,45.63957935972368,20.585220940695944,KARAĐORĐEVA,50
ALEKSANDROVO,NOVA CRNJA,45.6384304933661,20.587710585055117,ĐURE JAKŠIĆA,45
ALEKSANDROVO,NOVA CRNJA,45.634253226759775,20.58905195474078,MIHAJLA PUPINA,69
ALEKSANDROVO,NOVA CRNJA,45.64001968020389,20.590157712128477,MIHAJLA PUPINA,44
ALEKSANDROVO,NOVA CRNJA,45.63933796716839,20.590513749374335,MIHAJLA PUPINA,47
ALEKSANDROVO,NOVA CRNJA,45.63727024414348,20.592417907933736,NIKOLE TESLE,35A
ALEKSANDROVO,NOVA CRNJA,45.6384434111555,20.59507187528698,ŽARKA ZRENJANINA,31
ALEKSANDROVO,NOVA CRNJA,45.63639394531279,20.601457862669534,VUKA KARADŽIĆA,51A
ALEKSANDROVO,NOVA CRNJA,45.64603591837565,20.591900185487077,SVETOZARA MARKOVIĆA,22
ALEKSANDROVO,NOVA CRNJA,45.64527000338351,20.59801067277972,SVETOZARA MARKOVIĆA,43
ALEKSANDROVO,NOVA CRNJA,45.63956287450082,20.602690954005073,VUKA KARADŽIĆA,33A
ALEKSANDROVO,NOVA CRNJA,45.6396568065461,20.602602522849022,VUKA KARADŽIĆA,33
ALEKSANDROVO,NOVA CRNJA,45.63481010052373,20.58011243258944,ŽELEZNIČKA,56
ALEKSANDROVO,NOVA CRNJA,45.638029596219084,20.583049163384487,ŽELEZNIČKA,41A
ALEKSANDROVO,NOVA CRNJA,45.634215777756474,20.584224597646575,BRANKA RADIČEVIĆA,11
ALEKSANDROVO,NOVA CRNJA,45.639030234896616,20.585623661774168,KARAĐORĐEVA,43
ALEKSANDROVO,NOVA CRNJA,45.634777227785705,20.586374149733228,ĐURE JAKŠIĆA,63
ALEKSANDROVO,NOVA CRNJA,45.63650706049671,20.586508078663737,ĐURE JAKŠIĆA,58
ALEKSANDROVO,NOVA CRNJA,45.63353405958353,20.587704921159872,BRANKA RADIČEVIĆA,23
ALEKSANDROVO,NOVA CRNJA,45.63385968575923,20.590324374360407,4.OKTOBRA,64
ALEKSANDROVO,NOVA CRNJA,45.636084541200034,20.591734161672214,4.OKTOBRA,51
ALEKSANDROVO,NOVA CRNJA,45.638392895139546,20.592559765104305,4.OKTOBRA,45
ALEKSANDROVO,NOVA CRNJA,45.63451232469173,20.59349409128273,ŽARKA ZRENJANINA,49
ALEKSANDROVO,NOVA CRNJA,45.63559289986051,20.593422125699995,ŽARKA ZRENJANINA,48
ALEKSANDROVO,NOVA CRNJA,45.63781000266512,20.59481417098165,ŽARKA ZRENJANINA,35
ALEKSANDROVO,NOVA CRNJA,45.63156975765339,20.59664771788496,BRANKA RADIČEVIĆA,56
ALEKSANDROVO,NOVA CRNJA,45.63775321531576,20.598974530918163,GAVRILA PRINCIPA,38
ALEKSANDROVO,NOVA CRNJA,45.6425172358454,20.60131884896935,GAVRILA PRINCIPA,9
ALEKSANDROVO,NOVA CRNJA,45.637717704754294,20.581372921270837,ŽELEZNIČKA,18A
ALEKSANDROVO,NOVA CRNJA,45.63213434711442,20.5829499567818,KARAĐORĐEVA,73A
ALEKSANDROVO,NOVA CRNJA,45.63400995848316,20.582530354280298,BRANKA RADIČEVIĆA,6A
ALEKSANDROVO,NOVA CRNJA,45.63140994665831,20.58681267416125,MIHAJLA PUPINA,86
ALEKSANDROVO,NOVA CRNJA,45.63196490401401,20.589623307773515,4.OKTOBRA,66A
ALEKSANDROVO,NOVA CRNJA,45.631550767157464,20.591833153535703,ŽARKA ZRENJANINA,70A
ALEKSANDROVO,NOVA CRNJA,45.63567893363148,20.5910474642464,4.OKTOBRA,50
ALEKSANDROVO,NOVA CRNJA,45.63441805833763,20.591115782980104,4.OKTOBRA,67
ALEKSANDROVO,NOVA CRNJA,45.642820063552165,20.59187246283027,MIHAJLA PUPINA,27
ALEKSANDROVO,NOVA CRNJA,45.63855574224751,20.592641217897697,4.OKTOBRA,43
ALEKSANDROVO,NOVA CRNJA,45.6427715415829,20.594195055328434,4.OKTOBRA,19
ALEKSANDROVO,NOVA CRNJA,45.62674060257117,20.597880923215083,VUKA KARADŽIĆA,99
ALEKSANDROVO,NOVA CRNJA,45.63610252569738,20.598894694525654,NIKOLE TESLE,67
ALEKSANDROVO,NOVA CRNJA,45.63549473518692,20.59929138804428,NIKOLE TESLE,56
ALEKSANDROVO,NOVA CRNJA,45.63841947794051,20.599260789489758,GAVRILA PRINCIPA,34
ALEKSANDROVO,NOVA CRNJA,45.64501467631138,20.597405384171495,SVETOZARA MARKOVIĆA,44
ALEKSANDROVO,NOVA CRNJA,45.63303034645835,20.580872170541085,ŽELEZNIČKA,67
ALEKSANDROVO,NOVA CRNJA,45.638302076343926,20.58416653312198,NIKOLE TESLE,6A
ALEKSANDROVO,NOVA CRNJA,45.63870439526426,20.58480383677563,NIKOLE TESLE,13
ALEKSANDROVO,NOVA CRNJA,45.64056074089954,20.585571189922366,KARAĐORĐEVA,42
ALEKSANDROVO,NOVA CRNJA,45.63352083354106,20.585914581616493,BRANKA RADIČEVIĆA,18
ALEKSANDROVO,NOVA CRNJA,45.63057403804499,20.586615855277387,MIHAJLA PUPINA,94
ALEKSANDROVO,NOVA CRNJA,45.63103719082921,20.586854928062216,MIHAJLA PUPINA,90
ALEKSANDROVO,NOVA CRNJA,45.641629856033155,20.58648643610849,KARAĐORĐEVA,27
ALEKSANDROVO,NOVA CRNJA,45.63865677430944,20.58721145818331,ĐURE JAKŠIĆA,50A
ALEKSANDROVO,NOVA CRNJA,45.63815261050341,20.587604071668125,NIKOLE TESLE,25
ALEKSANDROVO,NOVA CRNJA,45.63933622463482,20.587552275173223,ĐURE JAKŠIĆA,46B
ALEKSANDROVO,NOVA CRNJA,45.64048474471357,20.58790223652773,ĐURE JAKŠIĆA,38
ALEKSANDROVO,NOVA CRNJA,45.63915551367378,20.592324428164808,4.OKTOBRA,34
ALEKSANDROVO,NOVA CRNJA,45.63211383010005,20.595518004460136,BRANKA RADIČEVIĆA,51
ALEKSANDROVO,NOVA CRNJA,45.638805319067565,20.59516806927659,ŽARKA ZRENJANINA,29
ALEKSANDROVO,NOVA CRNJA,45.63962612540207,20.595527341702265,ŽARKA ZRENJANINA,21
ALEKSANDROVO,NOVA CRNJA,45.633451898848804,20.597426472105443,GAVRILA PRINCIPA,56
ALEKSANDROVO,NOVA CRNJA,45.637951125511385,20.59971308766651,GAVRILA PRINCIPA,33
ALEKSANDROVO,NOVA CRNJA,45.64384038459193,20.592193820834375,MIHAJLA PUPINA,17
ALEKSANDROVO,NOVA CRNJA,45.63246271053086,20.579099341900896,ŽELEZNIČKA,74
ALEKSANDROVO,NOVA CRNJA,45.63553865029155,20.580483952601856,ŽELEZNIČKA,48
ALEKSANDROVO,NOVA CRNJA,45.63351583904387,20.581063696921134,ŽELEZNIČKA,63A
ALEKSANDROVO,NOVA CRNJA,45.63106321878068,20.5849718777779,ĐURE JAKŠIĆA,85
ALEKSANDROVO,NOVA CRNJA,45.63223671441879,20.58724486409009,MIHAJLA PUPINA,78
ALEKSANDROVO,NOVA CRNJA,45.63770304690686,20.590565947555174,MIHAJLA PUPINA,53
ALEKSANDROVO,NOVA CRNJA,45.63460879739292,20.593008920896278,ŽARKA ZRENJANINA,54
ALEKSANDROVO,NOVA CRNJA,45.63564033903146,20.59400544459832,ŽARKA ZRENJANINA,39A
ALEKSANDROVO,NOVA CRNJA,45.64235627407008,20.596466381637548,ŽARKA ZRENJANINA,13
ALEKSANDROVO,NOVA CRNJA,45.63049444444783,20.598674775708904,VUKA KARADŽIĆA,50
ALEKSANDROVO,NOVA CRNJA,45.64439659528353,20.590043412132136,ĐURE JAKŠIĆA,17A
ALEKSANDROVO,NOVA CRNJA,45.64449208492624,20.602184898896414,SVETOZARA MARKOVIĆA,57
ALEKSANDROVO,NOVA CRNJA,45.637313791881624,20.581214259162532,ŽELEZNIČKA,22
ALEKSANDROVO,NOVA CRNJA,45.64153649837656,20.584051628007177,ŽELEZNIČKA,27
ALEKSANDROVO,NOVA CRNJA,45.63302887381176,20.585749362402243,ĐURE JAKŠIĆA,67
ALEKSANDROVO,NOVA CRNJA,45.638274167613375,20.587093141473055,NIKOLE TESLE,23A
ALEKSANDROVO,NOVA CRNJA,45.640391972726434,20.588384231461845,ĐURE JAKŠIĆA,33
ALEKSANDROVO,NOVA CRNJA,45.6307232267281,20.589748989121308,4.OKTOBRA,85
ALEKSANDROVO,NOVA CRNJA,45.63659336532335,20.59614091650122,NIKOLE TESLE,55
ALEKSANDROVO,NOVA CRNJA,45.639970681741175,20.5955530919248,ŽARKA ZRENJANINA,17A
ALEKSANDROVO,NOVA CRNJA,45.643363829061904,20.589040913110317,ĐURE JAKŠIĆA,22
ALEKSANDROVO,NOVA CRNJA,45.64011751467463,20.602278091536526,VUKA KARADŽIĆA,16V
ALEKSANDROVO,NOVA CRNJA,45.632714671951504,20.5808198682947,ŽELEZNIČKA,69
ALEKSANDROVO,NOVA CRNJA,45.63469774013151,20.58017806493308,ŽELEZNIČKA,58
ALEKSANDROVO,NOVA CRNJA,45.63432669622723,20.581643228051576,BRANKA RADIČEVIĆA,2A
ALEKSANDROVO,NOVA CRNJA,45.63807357944213,20.585142104616107,NIKOLE TESLE,10
ALEKSANDROVO,NOVA CRNJA,45.62990805561644,20.58641599630297,MIHAJLA PUPINA,100
ALEKSANDROVO,NOVA CRNJA,45.63206001441877,20.587141983698423,MIHAJLA PUPINA,78A
ALEKSANDROVO,NOVA CRNJA,45.638192352379164,20.59202949621455,4.OKTOBRA,44
ALEKSANDROVO,NOVA CRNJA,45.63989034370556,20.593130949643545,4.OKTOBRA,33
ALEKSANDROVO,NOVA CRNJA,45.62867511755299,20.596129791971414,GAVRILA PRINCIPA,73A
ALEKSANDROVO,NOVA CRNJA,45.631348854172664,20.59761177725466,BRANKA RADIČEVIĆA,60
ALEKSANDROVO,NOVA CRNJA,45.641564742655454,20.60020666240434,GAVRILA PRINCIPA,20
ALEKSANDROVO,NOVA CRNJA,45.634779030184475,20.600770697120634,VUKA KARADŽIĆA,57
ALEKSANDROVO,NOVA CRNJA,45.63700859513035,20.601115925292454,VUKA KARADŽIĆA,30
ALEKSANDROVO,NOVA CRNJA,45.64558596997705,20.59031782872924,ĐURE JAKŠIĆA,7
ALEKSANDROVO,NOVA CRNJA,45.64532253073194,20.597539719573348,SVETOZARA MARKOVIĆA,41
ALEKSANDROVO,NOVA CRNJA,45.63519323762232,20.58027508408281,ŽELEZNIČKA,52
ALEKSANDROVO,NOVA CRNJA,45.63239103563492,20.582526080322026,KARAĐORĐEVA,84
ALEKSANDROVO,NOVA CRNJA,45.633269050393736,20.58283928522124,KARAĐORĐEVA,76
ALEKSANDROVO,NOVA CRNJA,45.63849982013421,20.586073199388217,NIKOLE TESLE,17A
ALEKSANDROVO,NOVA CRNJA,45.63112462514277,20.587512311998655,MIHAJLA PUPINA,85
ALEKSANDROVO,NOVA CRNJA,45.63606657896637,20.58863389319019,MIHAJLA PUPINA,60
ALEKSANDROVO,NOVA CRNJA,45.63961657260136,20.58821745432464,ĐURE JAKŠIĆA,37
ALEKSANDROVO,NOVA CRNJA,45.644904091470366,20.585311898063736,ŽELEZNIČKA,11
ALEKSANDROVO,NOVA CRNJA,45.64720008512299,20.58733684610734,SVETOZARA MARKOVIĆA,5
ALEKSANDROVO,NOVA CRNJA,45.64074238541603,20.590389573097855,MIHAJLA PUPINA,38
ALEKSANDROVO,NOVA CRNJA,45.6410716955286,20.5905308895387,MIHAJLA PUPINA,34
ALEKSANDROVO,NOVA CRNJA,45.634179436616904,20.593434014885858,ŽARKA ZRENJANINA,51
ALEKSANDROVO,NOVA CRNJA,45.63713341215514,20.593625645728274,NIKOLE TESLE,45
ALEKSANDROVO,NOVA CRNJA,45.637916516283795,20.59429079361454,ŽARKA ZRENJANINA,42
ALEKSANDROVO,NOVA CRNJA,45.636176271565446,20.596041652169067,NIKOLE TESLE,44
ALEKSANDROVO,NOVA CRNJA,45.62885542851273,20.597973436523105,VUKA KARADŽIĆA,60
ALEKSANDROVO,NOVA CRNJA,45.6404881661757,20.602871371429405,VUKA KARADŽIĆA,31
ALEKSANDROVO,NOVA CRNJA,45.64182831121513,20.5883515142162,ĐURE JAKŠIĆA,26
ALEKSANDROVO,NOVA CRNJA,45.64021859550206,20.58363472922061,ŽELEZNIČKA,35
ALEKSANDROVO,NOVA CRNJA,45.63254184389427,20.585553702973506,ĐURE JAKŠIĆA,73
ALEKSANDROVO,NOVA CRNJA,45.64170377372011,20.58411159854269,ŽELEZNIČKA,25A
ALEKSANDROVO,NOVA CRNJA,45.635851338878126,20.58623345076147,ĐURE JAKŠIĆA,64
ALEKSANDROVO,NOVA CRNJA,45.635105133444654,20.586474124241096,ĐURE JAKŠIĆA,61
ALEKSANDROVO,NOVA CRNJA,45.64028651745923,20.586027579159786,KARAĐORĐEVA,35
ALEKSANDROVO,NOVA CRNJA,45.63718344666635,20.586697877039622,ĐURE JAKŠIĆA,54
ALEKSANDROVO,NOVA CRNJA,45.63320626280234,20.587634835304048,BRANKA RADIČEVIĆA,24
ALEKSANDROVO,NOVA CRNJA,45.636225748605845,20.589368696879312,MIHAJLA PUPINA,57A
ALEKSANDROVO,NOVA CRNJA,45.63660166068725,20.58960344887487,MIHAJLA PUPINA,55A
ALEKSANDROVO,NOVA CRNJA,45.63935584338367,20.590554038079176,MIHAJLA PUPINA,45
ALEKSANDROVO,NOVA CRNJA,45.629777017973225,20.591851288312473,ŽARKA ZRENJANINA,71A
ALEKSANDROVO,NOVA CRNJA,45.63626659405393,20.595570501482346,NIKOLE TESLE,42A
ALEKSANDROVO,NOVA CRNJA,45.630492798530064,20.59677591083703,GAVRILA PRINCIPA,63
ALEKSANDROVO,NOVA CRNJA,45.63605941529169,20.596493232564885,NIKOLE TESLE,46
ALEKSANDROVO,NOVA CRNJA,45.635957247792625,20.59717989117911,NIKOLE TESLE,48A
ALEKSANDROVO,NOVA CRNJA,45.628510042694764,20.59791663601003,VUKA KARADŽIĆA,62
ALEKSANDROVO,NOVA CRNJA,45.63391947760477,20.600446295436477,VUKA KARADŽIĆA,59
ALEKSANDROVO,NOVA CRNJA,45.64460670944442,20.589977331567294,ĐURE JAKŠIĆA,17
ALEKSANDROVO,NOVA CRNJA,45.644502313117506,20.58755581565409,KARAĐORĐEVA,13A
ALEKSANDROVO,NOVA CRNJA,45.63367610124192,20.581125242043,ŽELEZNIČKA,63
ALEKSANDROVO,NOVA CRNJA,45.63420514242835,20.581828631188667,BRANKA RADIČEVIĆA,4
ALEKSANDROVO,NOVA CRNJA,45.63285793583034,20.582729175453924,KARAĐORĐEVA,80
ALEKSANDROVO,NOVA CRNJA,45.63562046213693,20.583705478454366,KARAĐORĐEVA,68
ALEKSANDROVO,NOVA CRNJA,45.63377598966701,20.586455673579138,BRANKA RADIČEVIĆA,19
ALEKSANDROVO,NOVA CRNJA,45.64478308867093,20.587142469039502,KARAĐORĐEVA,16
ALEKSANDROVO,NOVA CRNJA,45.637248937362315,20.58978451555739,NIKOLE TESLE,22B
ALEKSANDROVO,NOVA CRNJA,45.63062839847631,20.59212350701229,ŽARKA ZRENJANINA,67
ALEKSANDROVO,NOVA CRNJA,45.63669531595207,20.593189742582453,NIKOLE TESLE,32
ALEKSANDROVO,NOVA CRNJA,45.642830607065406,20.596665981621918,ŽARKA ZRENJANINA,9
ALEKSANDROVO,NOVA CRNJA,45.63477370321593,20.59786607034513,GAVRILA PRINCIPA,48
ALEKSANDROVO,NOVA CRNJA,45.63557979396136,20.598163875366495,GAVRILA PRINCIPA,44A
ALEKSANDROVO,NOVA CRNJA,45.630082656513096,20.599035010217246,VUKA KARADŽIĆA,81
ALEKSANDROVO,NOVA CRNJA,45.635429504865016,20.599735403580578,NIKOLE TESLE,58
ALEKSANDROVO,NOVA CRNJA,45.64300161337612,20.59192324346229,MIHAJLA PUPINA,25
ALEKSANDROVO,NOVA CRNJA,45.64626075026092,20.592426630013424,SVETOZARA MARKOVIĆA,23
ALEKSANDROVO,NOVA CRNJA,45.64317604339249,20.59673716009614,ŽARKA ZRENJANINA,7A
ALEKSANDROVO,NOVA CRNJA,45.644734605369834,20.600956382805993,SVETOZARA MARKOVIĆA,53A
ALEKSANDROVO,NOVA CRNJA,45.636022866386654,20.580621861450783,ŽELEZNIČKA,42
ALEKSANDROVO,NOVA CRNJA,45.64046571958916,20.582291990618547,ŽELEZNIČKA,2
ALEKSANDROVO,NOVA CRNJA,45.63759824284894,20.582597503555288,ŽELEZNIČKA,45
ALEKSANDROVO,NOVA CRNJA,45.633357747394186,20.586812473802386,BRANKA RADIČEVIĆA,22
ALEKSANDROVO,NOVA CRNJA,45.633689478503975,20.5869249938043,BRANKA RADIČEVIĆA,21
ALEKSANDROVO,NOVA CRNJA,45.63365508529559,20.58717132784633,BRANKA RADIČEVIĆA,21A
ALEKSANDROVO,NOVA CRNJA,45.63724746559492,20.589124503656212,MIHAJLA PUPINA,54
ALEKSANDROVO,NOVA CRNJA,45.63732553059274,20.589157036942943,MIHAJLA PUPINA,52V
ALEKSANDROVO,NOVA CRNJA,45.63292062747755,20.591055337954664,BRANKA RADIČEVIĆA,35
ALEKSANDROVO,NOVA CRNJA,45.63283153862777,20.59151388554579,BRANKA RADIČEVIĆA,37
ALEKSANDROVO,NOVA CRNJA,45.63714543914556,20.59311026989538,NIKOLE TESLE,41
ALEKSANDROVO,NOVA CRNJA,45.63780926473502,20.594276555292495,ŽARKA ZRENJANINA,44
ALEKSANDROVO,NOVA CRNJA,45.64243610149536,20.594100466356593,4.OKTOBRA,21
ALEKSANDROVO,NOVA CRNJA,45.62891159996457,20.59565418961475,GAVRILA PRINCIPA,76
ALEKSANDROVO,NOVA CRNJA,45.629098780844316,20.59865522924053,VUKA KARADŽIĆA,87
ALEKSANDROVO,NOVA CRNJA,45.64379274373712,20.591556652053224,MIHAJLA PUPINA,18A
ALEKSANDROVO,NOVA CRNJA,45.64560899289494,20.59214877756625,MIHAJLA PUPINA,6
ALEKSANDROVO,NOVA CRNJA,45.643859701022976,20.59410468638986,4.OKTOBRA,10
ALEKSANDROVO,NOVA CRNJA,45.63220926158265,20.580572429144908,ŽELEZNIČKA,71A
ALEKSANDROVO,NOVA CRNJA,45.630682839334604,20.5818617537032,KARAĐORĐEVA,94
ALEKSANDROVO,NOVA CRNJA,45.63205794820309,20.58238845260152,KARAĐORĐEVA,86
ALEKSANDROVO,NOVA CRNJA,45.64073749824405,20.583758176351484,ŽELEZNIČKA,31A
ALEKSANDROVO,NOVA CRNJA,45.63218766428477,20.5855060208454,ĐURE JAKŠIĆA,75
ALEKSANDROVO,NOVA CRNJA,45.636342810740814,20.584528095847112,KARAĐORĐEVA,51A
ALEKSANDROVO,NOVA CRNJA,45.63932746218651,20.585603506871134,KARAĐORĐEVA,41A
ALEKSANDROVO,NOVA CRNJA,45.63790821454041,20.586378315722282,NIKOLE TESLE,16A
ALEKSANDROVO,NOVA CRNJA,45.636693488589536,20.586587926445574,ĐURE JAKŠIĆA,56A
ALEKSANDROVO,NOVA CRNJA,45.640319322278266,20.587806442171804,ĐURE JAKŠIĆA,38A
ALEKSANDROVO,NOVA CRNJA,45.635990339162014,20.58933384896207,MIHAJLA PUPINA,59
ALEKSANDROVO,NOVA CRNJA,45.636341114671595,20.589411606995426,MIHAJLA PUPINA,57
ALEKSANDROVO,NOVA CRNJA,45.638401145200966,20.59026099842761,MIHAJLA PUPINA,51A
ALEKSANDROVO,NOVA CRNJA,45.63541465301139,20.591471381853225,4.OKTOBRA,59
ALEKSANDROVO,NOVA CRNJA,45.64285925180227,20.591202337276215,MIHAJLA PUPINA,28
ALEKSANDROVO,NOVA CRNJA,45.63352523201325,20.59312581992323,ŽARKA ZRENJANINA,55
ALEKSANDROVO,NOVA CRNJA,45.635764871141085,20.59763200792968,NIKOLE TESLE,50
ALEKSANDROVO,NOVA CRNJA,45.641958557393835,20.601166517827462,GAVRILA PRINCIPA,13
ALEKSANDROVO,NOVA CRNJA,45.644428125202374,20.596676204780803,ŽARKA ZRENJANINA,4
ALEKSANDROVO,NOVA CRNJA,45.64405456841784,20.603069843321187,SVETOZARA MARKOVIĆA,64A
ALEKSANDROVO,NOVA CRNJA,45.63416472171969,20.580011146390884,ŽELEZNIČKA,62
ALEKSANDROVO,NOVA CRNJA,45.63322621368788,20.58284139923828,KARAĐORĐEVA,76A
ALEKSANDROVO,NOVA CRNJA,45.6348773502622,20.585836461689077,ĐURE JAKŠIĆA,70
ALEKSANDROVO,NOVA CRNJA,45.637507733590816,20.586842664338427,ĐURE JAKŠIĆA,52
ALEKSANDROVO,NOVA CRNJA,45.63212983887012,20.58783363626802,MIHAJLA PUPINA,77
ALEKSANDROVO,NOVA CRNJA,45.639531935754555,20.5876107620762,ĐURE JAKŠIĆA,46
ALEKSANDROVO,NOVA CRNJA,45.63579482365197,20.588404161118333,MIHAJLA PUPINA,62
ALEKSANDROVO,NOVA CRNJA,45.643297804407524,20.587180198561647,KARAĐORĐEVA,21A
ALEKSANDROVO,NOVA CRNJA,45.63852855673447,20.58959746585272,MIHAJLA PUPINA,52A
ALEKSANDROVO,NOVA CRNJA,45.63409774335492,20.59766433870749,GAVRILA PRINCIPA,52
ALEKSANDROVO,NOVA CRNJA,45.633113903797174,20.600140251460846,VUKA KARADŽIĆA,63A
ALEKSANDROVO,NOVA CRNJA,45.634389424442936,20.600037134397564,VUKA KARADŽIĆA,36
ALEKSANDROVO,NOVA CRNJA,45.63832289945114,20.601577247028914,VUKA KARADŽIĆA,22A
ALEKSANDROVO,NOVA CRNJA,45.64502872798833,20.58961686216631,ĐURE JAKŠIĆA,12
ALEKSANDROVO,NOVA CRNJA,45.645788714024555,20.590405282643573,ĐURE JAKŠIĆA,5A
ALEKSANDROVO,NOVA CRNJA,45.645864350357,20.592199667645204,SVETOZARA MARKOVIĆA,24
ALEKSANDROVO,NOVA CRNJA,45.63229583790902,20.58302779052121,KARAĐORĐEVA,73
ALEKSANDROVO,NOVA CRNJA,45.637423895713326,20.587304938508275,ĐURE JAKŠIĆA,47
ALEKSANDROVO,NOVA CRNJA,45.64396185624084,20.58684668208286,KARAĐORĐEVA,20A
ALEKSANDROVO,NOVA CRNJA,45.637965528711646,20.589191109679913,NIKOLE TESLE,29
ALEKSANDROVO,NOVA CRNJA,45.631275719261936,20.59241876671246,ŽARKA ZRENJANINA,61
ALEKSANDROVO,NOVA CRNJA,45.6425250980809,20.593613101114148,4.OKTOBRA,18
ALEKSANDROVO,NOVA CRNJA,45.64276811837487,20.59607371152709,ŽARKA ZRENJANINA,14
ALEKSANDROVO,NOVA CRNJA,45.63640874760091,20.597132646793558,NIKOLE TESLE,61
ALEKSANDROVO,NOVA CRNJA,45.63063609012244,20.584269284229826,ĐURE JAKŠIĆA,96
ALEKSANDROVO,NOVA CRNJA,45.6327157958673,20.585568586462234,ĐURE JAKŠIĆA,71
ALEKSANDROVO,NOVA CRNJA,45.636803993753226,20.584892803913455,KARAĐORĐEVA,49
ALEKSANDROVO,NOVA CRNJA,45.63563603149719,20.588374786900616,MIHAJLA PUPINA,62A
ALEKSANDROVO,NOVA CRNJA,45.64534006748545,20.58789101953232,KARAĐORĐEVA,9
ALEKSANDROVO,NOVA CRNJA,45.63558374354224,20.59156176326189,4.OKTOBRA,57
ALEKSANDROVO,NOVA CRNJA,45.63731973174148,20.592160802070094,NIKOLE TESLE,35
ALEKSANDROVO,NOVA CRNJA,45.63678858746267,20.592488761650696,NIKOLE TESLE,26
ALEKSANDROVO,NOVA CRNJA,45.632271748382784,20.594590301289664,BRANKA RADIČEVIĆA,47A
ALEKSANDROVO,NOVA CRNJA,45.63548520662376,20.59396704684438,ŽARKA ZRENJANINA,41
ALEKSANDROVO,NOVA CRNJA,45.63021463409014,20.59620520473616,GAVRILA PRINCIPA,68
ALEKSANDROVO,NOVA CRNJA,45.62963137206611,20.598298368981656,VUKA KARADŽIĆA,54A
ALEKSANDROVO,NOVA CRNJA,45.63454779301258,20.597741949132985,GAVRILA PRINCIPA,48A
ALEKSANDROVO,NOVA CRNJA,45.644104671407796,20.602361777820065,SVETOZARA MARKOVIĆA,62
ALEKSANDROVO,NOVA CRNJA,45.64039139023495,20.58362844499886,ŽELEZNIČKA,33A
ALEKSANDROVO,NOVA CRNJA,45.637916590794134,20.58459370816885,KARAĐORĐEVA,50B
ALEKSANDROVO,NOVA CRNJA,45.638070678929104,20.585682187451994,NIKOLE TESLE,12
ALEKSANDROVO,NOVA CRNJA,45.636013852222696,20.586221476991405,ĐURE JAKŠIĆA,62
ALEKSANDROVO,NOVA CRNJA,45.6410591310587,20.58577231087194,KARAĐORĐEVA,38
ALEKSANDROVO,NOVA CRNJA,45.64329235273734,20.586618440410508,KARAĐORĐEVA,26
ALEKSANDROVO,NOVA CRNJA,45.63715348245517,20.590223387328017,NIKOLE TESLE,22V
ALEKSANDROVO,NOVA CRNJA,45.629976228803585,20.591907317512835,ŽARKA ZRENJANINA,71
ALEKSANDROVO,NOVA CRNJA,45.640630300698035,20.592901167474334,4.OKTOBRA,22
ALEKSANDROVO,NOVA CRNJA,45.64067849629487,20.59369638416073,4.OKTOBRA,25
ALEKSANDROVO,NOVA CRNJA,45.62939647861517,20.59879384013907,VUKA KARADŽIĆA,85
ALEKSANDROVO,NOVA CRNJA,45.644161684137494,20.5972079706802,ŽARKA ZRENJANINA,1
ALEKSANDROVO,NOVA CRNJA,45.633354400132845,20.58100036471086,ŽELEZNIČKA,65
ALEKSANDROVO,NOVA CRNJA,45.63416840492545,20.582316965983544,BRANKA RADIČEVIĆA,6
ALEKSANDROVO,NOVA CRNJA,45.63424198518186,20.583981399166497,BRANKA RADIČEVIĆA,9A
ALEKSANDROVO,NOVA CRNJA,45.639403873856956,20.585130619218035,KARAĐORĐEVA,50A
ALEKSANDROVO,NOVA CRNJA,45.63334986964908,20.588820175226612,BRANKA RADIČEVIĆA,27
ALEKSANDROVO,NOVA CRNJA,45.63461212560755,20.588111050156044,MIHAJLA PUPINA,70
ALEKSANDROVO,NOVA CRNJA,45.64081416104381,20.588072151754034,ĐURE JAKŠIĆA,36
ALEKSANDROVO,NOVA CRNJA,45.64465371425872,20.585195685366873,ŽELEZNIČKA,13
ALEKSANDROVO,NOVA CRNJA,45.63269472375517,20.590432678835427,BRANKA RADIČEVIĆA,34
ALEKSANDROVO,NOVA CRNJA,45.63415715617889,20.590974623420365,4.OKTOBRA,69
ALEKSANDROVO,NOVA CRNJA,45.63474503408608,20.59128404874652,4.OKTOBRA,63A
ALEKSANDROVO,NOVA CRNJA,45.63482662596673,20.59369338394936,ŽARKA ZRENJANINA,47
ALEKSANDROVO,NOVA CRNJA,45.625959946649836,20.595610243060154,MILOŠA PETROVIĆA,59
ALEKSANDROVO,NOVA CRNJA,45.631302689685285,20.598100529162288,BRANKA RADIČEVIĆA,62
ALEKSANDROVO,NOVA CRNJA,45.63427046390668,20.597713397299838,GAVRILA PRINCIPA,50A
ALEKSANDROVO,NOVA CRNJA,45.63402878665908,20.599942703613102,VUKA KARADŽIĆA,38
ALEKSANDROVO,NOVA CRNJA,45.64327075812644,20.589466085993177,ĐURE JAKŠIĆA,25
ALEKSANDROVO,NOVA CRNJA,45.643111326970946,20.596227542049565,ŽARKA ZRENJANINA,12
ALEKSANDROVO,NOVA CRNJA,45.638321093105716,20.582347446150415,ŽELEZNIČKA,79
ALEKSANDROVO,NOVA CRNJA,45.63358909737608,20.588490488732077,MIHAJLA PUPINA,71A
ALEKSANDROVO,NOVA CRNJA,45.63698810898501,20.59049211621101,NIKOLE TESLE,22G
ALEKSANDROVO,NOVA CRNJA,45.63020638611097,20.591429807909215,ŽARKA ZRENJANINA,78
ALEKSANDROVO,NOVA CRNJA,45.6427529408897,20.59107376210556,MIHAJLA PUPINA,30
ALEKSANDROVO,NOVA CRNJA,45.632063380585514,20.59372990174624,BRANKA RADIČEVIĆA,46
ALEKSANDROVO,NOVA CRNJA,45.63673234513884,20.592972249116382,NIKOLE TESLE,30
ALEKSANDROVO,NOVA CRNJA,45.63014091517956,20.596663483529518,GAVRILA PRINCIPA,65
ALEKSANDROVO,NOVA CRNJA,45.63810466618204,20.601536835939093,VUKA KARADŽIĆA,24
ALEKSANDROVO,NOVA CRNJA,45.6394061633258,20.602017129189555,VUKA KARADŽIĆA,16G
ALEKSANDROVO,NOVA CRNJA,45.64526404403096,20.59022765121053,ĐURE JAKŠIĆA,11
ALEKSANDROVO,NOVA CRNJA,45.63882836399791,20.58180040088376,ŽELEZNIČKA,10
ALEKSANDROVO,NOVA CRNJA,45.639445698443694,20.58188819459662,ŽELEZNIČKA,6
ALEKSANDROVO,NOVA CRNJA,45.63303826916237,20.58279070398664,KARAĐORĐEVA,78
ALEKSANDROVO,NOVA CRNJA,45.63775189285003,20.582672579110717,ŽELEZNIČKA,43
ALEKSANDROVO,NOVA CRNJA,45.63263056302767,20.584999953399336,ĐURE JAKŠIĆA,80
ALEKSANDROVO,NOVA CRNJA,45.63187945632613,20.585278384621315,ĐURE JAKŠIĆA,77
ALEKSANDROVO,NOVA CRNJA,45.630136107383265,20.589025979524788,4.OKTOBRA,78
ALEKSANDROVO,NOVA CRNJA,45.64146577059073,20.586412191720644,KARAĐORĐEVA,29
ALEKSANDROVO,NOVA CRNJA,45.63981500468117,20.58770774470963,ĐURE JAKŠIĆA,42
ALEKSANDROVO,NOVA CRNJA,45.64376641056035,20.584875263955567,ŽELEZNIČKA,21A
ALEKSANDROVO,NOVA CRNJA,45.642650947622556,20.591800034207154,MIHAJLA PUPINA,27A
ALEKSANDROVO,NOVA CRNJA,45.63688887973537,20.59467081722319,NIKOLE TESLE,49
ALEKSANDROVO,NOVA CRNJA,45.63161318617489,20.596099709189865,BRANKA RADIČEVIĆA,54A
ALEKSANDROVO,NOVA CRNJA,45.63062540064699,20.596908642446,GAVRILA PRINCIPA,61A
ALEKSANDROVO,NOVA CRNJA,45.64555307602942,20.58967950746703,ĐURE JAKŠIĆA,6
ALEKSANDROVO,NOVA CRNJA,45.635838718596126,20.58192643922331,ŽELEZNIČKA,57
ALEKSANDROVO,NOVA CRNJA,45.638713490363806,20.58453264514081,NIKOLE TESLE,11
ALEKSANDROVO,NOVA CRNJA,45.645678128056595,20.587313757462123,KARAĐORĐEVA,10
ALEKSANDROVO,NOVA CRNJA,45.646764805705246,20.587861707578014,SVETOZARA MARKOVIĆA,8
ALEKSANDROVO,NOVA CRNJA,45.6310385803194,20.589863436870413,4.OKTOBRA,83
ALEKSANDROVO,NOVA CRNJA,45.62759440220536,20.590976431020483,ŽARKA ZRENJANINA,81
ALEKSANDROVO,NOVA CRNJA,45.63871100915157,20.592742486211723,4.OKTOBRA,41A
ALEKSANDROVO,NOVA CRNJA,45.64482468077955,20.592660973832512,MIHAJLA PUPINA,9
ALEKSANDROVO,NOVA CRNJA,45.6434675017465,20.601717225700256,GAVRILA PRINCIPA,3
ALEKSANDROVO,NOVA CRNJA,45.64045180697153,20.602406865818306,VUKA KARADŽIĆA,16A
ALEKSANDROVO,NOVA CRNJA,45.64091735352952,20.60243821870948,VUKA KARADŽIĆA,16
ALEKSANDROVO,NOVA CRNJA,45.63656799043068,20.5807766399842,ŽELEZNIČKA,34
ALEKSANDROVO,NOVA CRNJA,45.63682976849167,20.58085872985981,ŽELEZNIČKA,30
ALEKSANDROVO,NOVA CRNJA,45.63763299072675,20.58114772630763,ŽELEZNIČKA,20
ALEKSANDROVO,NOVA CRNJA,45.63943326171636,20.58735485752325,ĐURE JAKŠIĆA,46A
ALEKSANDROVO,NOVA CRNJA,45.63998984671346,20.587620234345945,ĐURE JAKŠIĆA,40A
ALEKSANDROVO,NOVA CRNJA,45.63676429857356,20.588925051388333,MIHAJLA PUPINA,56
ALEKSANDROVO,NOVA CRNJA,45.63081330390882,20.589216807664293,4.OKTOBRA,74
ALEKSANDROVO,NOVA CRNJA,45.63402522216815,20.590452496493057,4.OKTOBRA,62
ALEKSANDROVO,NOVA CRNJA,45.636014537247995,20.59118692996914,4.OKTOBRA,48
ALEKSANDROVO,NOVA CRNJA,45.64062357832343,20.59099391334233,MIHAJLA PUPINA,35
ALEKSANDROVO,NOVA CRNJA,45.63590843715567,20.591645754484595,4.OKTOBRA,53
ALEKSANDROVO,NOVA CRNJA,45.6405554491162,20.595241822526564,ŽARKA ZRENJANINA,22
ALEKSANDROVO,NOVA CRNJA,45.629224582285104,20.595837832710533,GAVRILA PRINCIPA,74
ALEKSANDROVO,NOVA CRNJA,45.635767051649864,20.598251581230066,NIKOLE TESLE,52A
ALEKSANDROVO,NOVA CRNJA,45.6390148414584,20.583223034182364,NIKOLE TESLE,1A
ALEKSANDROVO,NOVA CRNJA,45.63974549789701,20.585190972291183,KARAĐORĐEVA,48A
ALEKSANDROVO,NOVA CRNJA,45.63642463297278,20.586936846515492,ĐURE JAKŠIĆA,53
ALEKSANDROVO,NOVA CRNJA,45.637739399773565,20.587435551922002,NIKOLE TESLE,20
ALEKSANDROVO,NOVA CRNJA,45.6406210883907,20.587996448136884,ĐURE JAKŠIĆA,36A
ALEKSANDROVO,NOVA CRNJA,45.64316776707818,20.58708773468201,KARAĐORĐEVA,21B
ALEKSANDROVO,NOVA CRNJA,45.644452444000414,20.58700656275784,KARAĐORĐEVA,18
ALEKSANDROVO,NOVA CRNJA,45.64467906354321,20.58764794007213,KARAĐORĐEVA,13
ALEKSANDROVO,NOVA CRNJA,45.632127856546,20.58973348076079,4.OKTOBRA,66
ALEKSANDROVO,NOVA CRNJA,45.63535602727844,20.590934851815728,4.OKTOBRA,54
ALEKSANDROVO,NOVA CRNJA,45.63202728793955,20.595989093223984,BRANKA RADIČEVIĆA,53
ALEKSANDROVO,NOVA CRNJA,45.63617531492266,20.598425470576547,NIKOLE TESLE,65
ALEKSANDROVO,NOVA CRNJA,45.63905107293574,20.59938921971883,GAVRILA PRINCIPA,30
ALEKSANDROVO,NOVA CRNJA,45.64229077449497,20.600700794414585,GAVRILA PRINCIPA,14
ALEKSANDROVO,NOVA CRNJA,45.643272334790566,20.594367498827452,4.OKTOBRA,15A
ALEKSANDROVO,NOVA CRNJA,45.645817027189885,20.594836654229287,SVETOZARA MARKOVIĆA,31
ALEKSANDROVO,NOVA CRNJA,45.636139639467395,20.580679369935773,ŽELEZNIČKA,40
ALEKSANDROVO,NOVA CRNJA,45.63229388098914,20.584912629771846,ĐURE JAKŠIĆA,82
ALEKSANDROVO,NOVA CRNJA,45.64596342271844,20.587478747079835,KARAĐORĐEVA,8
ALEKSANDROVO,NOVA CRNJA,45.63134178272814,20.589401541710657,4.OKTOBRA,70A
ALEKSANDROVO,NOVA CRNJA,45.633038574413725,20.590562451088495,BRANKA RADIČEVIĆA,33
ALEKSANDROVO,NOVA CRNJA,45.63996136533096,20.59076340111195,MIHAJLA PUPINA,39
ALEKSANDROVO,NOVA CRNJA,45.637188684980906,20.592869249052928,NIKOLE TESLE,39
ALEKSANDROVO,NOVA CRNJA,45.635427526562474,20.593389449074902,ŽARKA ZRENJANINA,48A
ALEKSANDROVO,NOVA CRNJA,45.6321508188201,20.595287829102165,BRANKA RADIČEVIĆA,49A
ALEKSANDROVO,NOVA CRNJA,45.63911693119806,20.595295165215727,ŽARKA ZRENJANINA,27
ALEKSANDROVO,NOVA CRNJA,45.635981708518194,20.596969550150536,NIKOLE TESLE,48
ALEKSANDROVO,NOVA CRNJA,45.63575662847892,20.60113366096345,VUKA KARADŽIĆA,55
ALEKSANDROVO,NOVA CRNJA,45.636691804570646,20.60094752336905,VUKA KARADŽIĆA,32
ALEKSANDROVO,NOVA CRNJA,45.64451521679725,20.589388855213784,ĐURE JAKŠIĆA,14A
ALEKSANDROVO,NOVA CRNJA,45.63448160426189,20.58302248644125,BRANKA RADIČEVIĆA,7
ALEKSANDROVO,NOVA CRNJA,45.630870448715896,20.584955339306532,ĐURE JAKŠIĆA,87
ALEKSANDROVO,NOVA CRNJA,45.63444431256173,20.588051207377873,MIHAJLA PUPINA,72
ALEKSANDROVO,NOVA CRNJA,45.63543722747773,20.588457074627385,MIHAJLA PUPINA,64
ALEKSANDROVO,NOVA CRNJA,45.6390772861574,20.589807229968955,MIHAJLA PUPINA,50
ALEKSANDROVO,NOVA CRNJA,45.63244201450755,20.591423314227427,BRANKA RADIČEVIĆA,38
ALEKSANDROVO,NOVA CRNJA,45.63582810564559,20.594032829219334,ŽARKA ZRENJANINA,39
ALEKSANDROVO,NOVA CRNJA,45.64245142876044,20.595935860684182,ŽARKA ZRENJANINA,16
ALEKSANDROVO,NOVA CRNJA,45.62730735196206,20.59809983284361,VUKA KARADŽIĆA,97
ALEKSANDROVO,NOVA CRNJA,45.63268944583549,20.59771200737463,GAVRILA PRINCIPA,59
ALEKSANDROVO,NOVA CRNJA,45.63150896416068,20.599091938544493,BRANKA RADIČEVIĆA,63
ALEKSANDROVO,NOVA CRNJA,45.63539611141057,20.599915268309346,NIKOLE TESLE,60
ALEKSANDROVO,NOVA CRNJA,45.64542286125032,20.59026422168086,ĐURE JAKŠIĆA,9
ALEKSANDROVO,NOVA CRNJA,45.64507855696855,20.599112960243474,SVETOZARA MARKOVIĆA,47
ALEKSANDROVO,NOVA CRNJA,45.63933017043697,20.58167887556936,ŽELEZNIČKA,8
ALEKSANDROVO,NOVA CRNJA,45.6352896153499,20.58349070822467,KARAĐORĐEVA,70
ALEKSANDROVO,NOVA CRNJA,45.63784608088303,20.58696784678792,NIKOLE TESLE,18
ALEKSANDROVO,NOVA CRNJA,45.63760840828527,20.58815120018186,NIKOLE TESLE,22A
ALEKSANDROVO,NOVA CRNJA,45.6392039649229,20.587966287323,ĐURE JAKŠIĆA,39A
ALEKSANDROVO,NOVA CRNJA,45.63880211359417,20.590355080364542,MIHAJLA PUPINA,49A
ALEKSANDROVO,NOVA CRNJA,45.634594690489536,20.591175570750956,4.OKTOBRA,65
ALEKSANDROVO,NOVA CRNJA,45.639399645111276,20.59963643494779,GAVRILA PRINCIPA,28
ALEKSANDROVO,NOVA CRNJA,45.64647097415129,20.591660000332578,SVETOZARA MARKOVIĆA,21
ALEKSANDROVO,NOVA CRNJA,45.645298766032205,20.592057606314867,MIHAJLA PUPINA,8
ALEKSANDROVO,NOVA CRNJA,45.64430225439729,20.600842676369712,SVETOZARA MARKOVIĆA,56A
ALEKSANDROVO,NOVA CRNJA,45.64042024826593,20.602390921159397,VUKA KARADŽIĆA,16B
ALEKSANDROVO,NOVA CRNJA,45.62933552462803,20.586222253805506,SVETOZARA MILETIĆA,23
ALEKSANDROVO,NOVA CRNJA,45.64292362412252,20.58745088346471,VOJVODE MIŠIĆA,11
ALEKSANDROVO,NOVA CRNJA,45.64194471095913,20.591490907453217,VOJVODE MIŠIĆA,25
ALEKSANDROVO,NOVA CRNJA,45.628284229934216,20.592738848118877,SVETOZARA MILETIĆA,47
ALEKSANDROVO,NOVA CRNJA,45.64140579125876,20.594411508399684,VOJVODE MIŠIĆA,35A
ALEKSANDROVO,NOVA CRNJA,45.6432677975545,20.599202484169712,PETRA DRAPŠINA,9
ALEKSANDROVO,NOVA CRNJA,45.6428520361792,20.584536445953777,VOJVODE MIŠIĆA,2
ALEKSANDROVO,NOVA CRNJA,45.629836475319195,20.581589652783112,SVETOZARA MILETIĆA,8
ALEKSANDROVO,NOVA CRNJA,45.6418228864615,20.58999674039076,VOJVODE MIŠIĆA,18
ALEKSANDROVO,NOVA CRNJA,45.64119804249641,20.5955264247561,VOJVODE MIŠIĆA,39
ALEKSANDROVO,NOVA CRNJA,45.640988732263885,20.596916072391217,VOJVODE MIŠIĆA,45
ALEKSANDROVO,NOVA CRNJA,45.64586617423933,20.601361567594278,MILIVOJA TOŠKOVA ,46
ALEKSANDROVO,NOVA CRNJA,45.64558102065765,20.60342916155752,MILIVOJA TOŠKOVA ,54
ALEKSANDROVO,NOVA CRNJA,45.62726887496286,20.595613531533186,SVETOZARA MILETIĆA,58
ALEKSANDROVO,NOVA CRNJA,45.6423886534688,20.59817050811266,PETRA DRAPŠINA,18
ALEKSANDROVO,NOVA CRNJA,45.630382232816345,20.581671805236837,SVETOZARA MILETIĆA,7
ALEKSANDROVO,NOVA CRNJA,45.64214469187235,20.59035433179993,VOJVODE MIŠIĆA,21
ALEKSANDROVO,NOVA CRNJA,45.641617526727785,20.591415138883992,VOJVODE MIŠIĆA,22
ALEKSANDROVO,NOVA CRNJA,45.64082281679367,20.597750683527796,VOJVODE MIŠIĆA,47
ALEKSANDROVO,NOVA CRNJA,45.641717047055195,20.592667069701143,VOJVODE MIŠIĆA,29A
ALEKSANDROVO,NOVA CRNJA,45.63872563496106,20.597529851467165,PETRA DRAPŠINA,29
ALEKSANDROVO,NOVA CRNJA,45.64180961773075,20.5901870068755,VOJVODE MIŠIĆA,18A
ALEKSANDROVO,NOVA CRNJA,45.64228820103088,20.589611592108266,VOJVODE MIŠIĆA,19
ALEKSANDROVO,NOVA CRNJA,45.62915569002759,20.593367576169623,PETRA DRAPŠINA,78
ALEKSANDROVO,NOVA CRNJA,45.631140165438644,20.594138007995618,PETRA DRAPŠINA,66
ALEKSANDROVO,NOVA CRNJA,45.63452345404843,20.595412140726495,PETRA DRAPŠINA,54
ALEKSANDROVO,NOVA CRNJA,45.64094432555023,20.597187654353995,VOJVODE MIŠIĆA,45A
ALEKSANDROVO,NOVA CRNJA,45.642897862977556,20.598998138470932,PETRA DRAPŠINA,11
ALEKSANDROVO,NOVA CRNJA,45.639682440687686,20.60094464303696,VOJVODE MIŠIĆA,56A
ALEKSANDROVO,NOVA CRNJA,45.64135622097293,20.594672096193417,VOJVODE MIŠIĆA,37
ALEKSANDROVO,NOVA CRNJA,45.6358542262605,20.59589115360849,PETRA DRAPŠINA,46
ALEKSANDROVO,NOVA CRNJA,45.63773025737256,20.597131003675827,PETRA DRAPŠINA,35
ALEKSANDROVO,NOVA CRNJA,45.64103875410157,20.596450561398694,VOJVODE MIŠIĆA,43
ALEKSANDROVO,NOVA CRNJA,45.640304385208005,20.600449931693646,VOJVODE MIŠIĆA,57
ALEKSANDROVO,NOVA CRNJA,45.642473268647656,20.58868799678521,VOJVODE MIŠIĆA,15
ALEKSANDROVO,NOVA CRNJA,45.628966295115575,20.593363300896698,PETRA DRAPŠINA,80
ALEKSANDROVO,NOVA CRNJA,45.631059211054676,20.594584161183608,PETRA DRAPŠINA,55A
ALEKSANDROVO,NOVA CRNJA,45.6347599728415,20.596040794044438,PETRA DRAPŠINA,43
ALEKSANDROVO,NOVA CRNJA,45.63903483186344,20.597687516172073,PETRA DRAPŠINA,27
ALEKSANDROVO,NOVA CRNJA,45.62975947754435,20.583969403381374,SVETOZARA MILETIĆA,15
ALEKSANDROVO,NOVA CRNJA,45.63055792653997,20.594451013946564,PETRA DRAPŠINA,59
ALEKSANDROVO,NOVA CRNJA,45.63914856817417,20.597141112948698,PETRA DRAPŠINA,32
ALEKSANDROVO,NOVA CRNJA,45.63964183471389,20.59732440415409,PETRA DRAPŠINA,28A
ALEKSANDROVO,NOVA CRNJA,45.64245771449499,20.58682206492832,VOJVODE MIŠIĆA,10
ALEKSANDROVO,NOVA CRNJA,45.630646893241014,20.59395477197836,PETRA DRAPŠINA,70
ALEKSANDROVO,NOVA CRNJA,45.64222548776914,20.598278822244385,PETRA DRAPŠINA,18A
ALEKSANDROVO,NOVA CRNJA,45.64268362581778,20.587615998412566,VOJVODE MIŠIĆA,11A
ALEKSANDROVO,NOVA CRNJA,45.63030000926306,20.593831549270575,PETRA DRAPŠINA,72
ALEKSANDROVO,NOVA CRNJA,45.64584560308364,20.60196704067666,MILIVOJA TOŠKOVA ,48
ALEKSANDROVO,NOVA CRNJA,45.627963445770796,20.591103574400904,SVETOZARA MILETIĆA,42
ALEKSANDROVO,NOVA CRNJA,45.629557491295174,20.59405077459521,PETRA DRAPŠINA,65
ALEKSANDROVO,NOVA CRNJA,45.62951062468156,20.594337459696423,PETRA DRAPŠINA,65A
ALEKSANDROVO,NOVA CRNJA,45.643003774454264,20.5859200509972,VOJVODE MIŠIĆA,5A
ALEKSANDROVO,NOVA CRNJA,45.640479723991895,20.597629184825426,VOJVODE MIŠIĆA,44
ALEKSANDROVO,NOVA CRNJA,45.64012941769079,20.601741775606087,VOJVODE MIŠIĆA,61
ALEKSANDROVO,NOVA CRNJA,45.635372949206634,20.595510339573945,PETRA DRAPŠINA,48
ALEKSANDROVO,NOVA CRNJA,45.62986422978273,20.58332216311196,SVETOZARA MILETIĆA,13
ALEKSANDROVO,NOVA CRNJA,45.643066951924915,20.585619695867898,VOJVODE MIŠIĆA,5
ALEKSANDROVO,NOVA CRNJA,45.641476964918375,20.594252777672125,VOJVODE MIŠIĆA,35
ALEKSANDROVO,NOVA CRNJA,45.64088971100387,20.59535977749607,VOJVODE MIŠIĆA,36
ALEKSANDROVO,NOVA CRNJA,45.62942757981504,20.583812007763516,SVETOZARA MILETIĆA,16
ALEKSANDROVO,NOVA CRNJA,45.64116875700302,20.59384284443567,VOJVODE MIŠIĆA,30
ALEKSANDROVO,NOVA CRNJA,45.642807046544974,20.58689854333702,VOJVODE MIŠIĆA,9
ALEKSANDROVO,NOVA CRNJA,45.641917776461085,20.58977674956726,VOJVODE MIŠIĆA,16
ALEKSANDROVO,NOVA CRNJA,45.64133284143414,20.59300758827686,VOJVODE MIŠIĆA,28
ALEKSANDROVO,NOVA CRNJA,45.628840387559805,20.589016205365528,SVETOZARA MILETIĆA,33
ALEKSANDROVO,NOVA CRNJA,45.63988747257573,20.600838995561965,VOJVODE MIŠIĆA,56
ALEKSANDROVO,NOVA CRNJA,45.630092949313664,20.582485538156,SVETOZARA MILETIĆA,9
ALEKSANDROVO,NOVA CRNJA,45.64071076887168,20.596325497120944,VOJVODE MIŠIĆA,40
ALEKSANDROVO,NOVA CRNJA,45.64261424516196,20.598921500800884,PETRA DRAPŠINA,13
ALEKSANDROVO,NOVA CRNJA,45.62956648480618,20.58560039231257,SVETOZARA MILETIĆA,21
ALEKSANDROVO,NOVA CRNJA,45.62849006415843,20.59076940055573,SVETOZARA MILETIĆA,39
ALEKSANDROVO,NOVA CRNJA,45.62791478239953,20.591590524332407,SVETOZARA MILETIĆA,44
ALEKSANDROVO,NOVA CRNJA,45.627947127313796,20.593972982451525,SVETOZARA MILETIĆA,51
ALEKSANDROVO,NOVA CRNJA,45.628890522853425,20.593899075316443,PETRA DRAPŠINA,69
ALEKSANDROVO,NOVA CRNJA,45.63919660414382,20.59769482712645,PETRA DRAPŠINA,25A
ALEKSANDROVO,NOVA CRNJA,45.64109840131215,20.596213129817777,VOJVODE MIŠIĆA,41A
ALEKSANDROVO,NOVA CRNJA,45.64319325889184,20.584659680104654,VOJVODE MIŠIĆA,1
ALEKSANDROVO,NOVA CRNJA,45.63888957414772,20.597564605395466,PETRA DRAPŠINA,27A
ALEKSANDROVO,NOVA CRNJA,45.62921604259937,20.594038614301326,PETRA DRAPŠINA,67
ALEKSANDROVO,NOVA CRNJA,45.64143611467466,20.59230994122129,VOJVODE MIŠIĆA,26
ALEKSANDROVO,NOVA CRNJA,45.630967719495416,20.59411603128945,PETRA DRAPŠINA,68
ALEKSANDROVO,NOVA CRNJA,45.63387369147432,20.595136734091746,PETRA DRAPŠINA,58
ALEKSANDROVO,NOVA CRNJA,45.634851371069146,20.595517556179853,PETRA DRAPŠINA,52
ALEKSANDROVO,NOVA CRNJA,45.63410857860615,20.5957362661694,PETRA DRAPŠINA,47
ALEKSANDROVO,NOVA CRNJA,45.63570612197495,20.59641480727077,PETRA DRAPŠINA,37A
ALEKSANDROVO,NOVA CRNJA,45.6430956557434,20.59860021061735,PETRA DRAPŠINA,12
ALEKSANDROVO,NOVA CRNJA,45.64173485076363,20.590773073702405,VOJVODE MIŠIĆA,20
ALEKSANDROVO,NOVA CRNJA,45.629981937752454,20.593736344275825,PETRA DRAPŠINA,74
ALEKSANDROVO,NOVA CRNJA,45.637408477691835,20.59697882484819,PETRA DRAPŠINA,37
ALEKSANDROVO,NOVA CRNJA,45.62990293086668,20.59417285285212,PETRA DRAPŠINA,63
ALEKSANDROVO,NOVA CRNJA,45.63318880422256,20.594906363543462,PETRA DRAPŠINA,62
ALEKSANDROVO,NOVA CRNJA,45.64161800776289,20.59855815181064,PETRA DRAPŠINA,19
ALEKSANDROVO,NOVA CRNJA,45.64335173133798,20.59870258026773,PETRA DRAPŠINA,10
ALEKSANDROVO,NOVA CRNJA,45.64161841506982,20.59327845551333,VOJVODE MIŠIĆA,31
ALEKSANDROVO,NOVA CRNJA,45.634176014944416,20.59530956135091,PETRA DRAPŠINA,56
ALEKSANDROVO,NOVA CRNJA,45.640197327661994,20.599026513879675,VOJVODE MIŠIĆA,50
ALEKSANDROVO,NOVA CRNJA,45.64392127362192,20.59946191605603,PETRA DRAPŠINA,3
ALEKSANDROVO,NOVA CRNJA,45.63972702066227,20.597846035505373,PETRA DRAPŠINA,23
ALEKSANDROVO,NOVA CRNJA,45.64269569543938,20.598432399060943,PETRA DRAPŠINA,16
ALEKSANDROVO,NOVA CRNJA,45.643128216277724,20.585139702469657,VOJVODE MIŠIĆA,3
ALEKSANDROVO,NOVA CRNJA,45.62713168963235,20.596373971906758,SVETOZARA MILETIĆA,60
ALEKSANDROVO,NOVA CRNJA,45.64026625327642,20.598559079901886,VOJVODE MIŠIĆA,48
ALEKSANDROVO,NOVA CRNJA,45.63821082672456,20.59731258484525,PETRA DRAPŠINA,31
ALEKSANDROVO,NOVA CRNJA,45.64077538520078,20.598237602042463,VOJVODE MIŠIĆA,49
ALEKSANDROVO,NOVA CRNJA,45.63357595280871,20.594860850076405,PETRA DRAPŠINA,60
ALEKSANDROVO,NOVA CRNJA,45.64228875717399,20.59878908655767,PETRA DRAPŠINA,15
ALEKSANDROVO,NOVA CRNJA,45.642580729041946,20.58808551140004,VOJVODE MIŠIĆA,13A
ALEKSANDROVO,NOVA CRNJA,45.640625439466476,20.59678407301866,VOJVODE MIŠIĆA,42
ALEKSANDROVO,NOVA CRNJA,45.641553272261554,20.593740490488923,VOJVODE MIŠIĆA,33
ALEKSANDROVO,NOVA CRNJA,45.639482733216965,20.59723213100391,PETRA DRAPŠINA,30
ALEKSANDROVO,NOVA CRNJA,45.644206993107304,20.59972743777185,PETRA DRAPŠINA,1
ALEKSANDROVO,NOVA CRNJA,45.641561825375554,20.591847209119845,VOJVODE MIŠIĆA,24
ALEKSANDROVO,NOVA CRNJA,45.639397008726256,20.597732913668114,PETRA DRAPŠINA,25
ALEKSANDROVO,NOVA CRNJA,45.63976293658239,20.601261907764968,VOJVODE MIŠIĆA,58
ALEKSANDROVO,NOVA CRNJA,45.64265969438794,20.58796828839966,VOJVODE MIŠIĆA,13
ALEKSANDROVO,NOVA CRNJA,45.627842617501926,20.592201569867846,SVETOZARA MILETIĆA,46
ALEKSANDROVO,NOVA CRNJA,45.64146022168418,20.592179522755284,VOJVODE MIŠIĆA,24B
ALEKSANDROVO,NOVA CRNJA,45.63343143913137,20.595482096043632,PETRA DRAPŠINA,51
ALEKSANDROVO,NOVA CRNJA,45.640794753719085,20.595843575744375,VOJVODE MIŠIĆA,38
ALEKSANDROVO,NOVA CRNJA,45.64009082121258,20.602211812861714,VOJVODE MIŠIĆA,63
ALEKSANDROVO,NOVA CRNJA,45.62923789514774,20.584321572047646,SVETOZARA MILETIĆA,18
ALEKSANDROVO,NOVA CRNJA,45.6351764398105,20.595682911534023,PETRA DRAPŠINA,50
ALEKSANDROVO,NOVA CRNJA,45.62767966764505,20.595280237649945,SVETOZARA MILETIĆA,55
ALEKSANDROVO,NOVA CRNJA,45.637696629488985,20.5966054292747,PETRA DRAPŠINA,40
ALEKSANDROVO,NOVA CRNJA,45.63022992542602,20.594322263830048,PETRA DRAPŠINA,61
ALEKSANDROVO,NOVA CRNJA,45.62760936774276,20.595711660367442,SVETOZARA MILETIĆA,57
ALEKSANDROVO,NOVA CRNJA,45.64170920542846,20.598051408765517,PETRA DRAPŠINA,22
ALEKSANDROVO,NOVA CRNJA,45.62755995896811,20.59383568820687,SVETOZARA MILETIĆA,52
ALEKSANDROVO,NOVA CRNJA,45.627071712392095,20.596518082683932,SVETOZARA MILETIĆA,62
ALEKSANDROVO,NOVA CRNJA,45.6330521846658,20.59546930028294,PETRA DRAPŠINA,53
ALEKSANDROVO,NOVA CRNJA,45.63694040521696,20.596309073841535,PETRA DRAPŠINA,44
ALEKSANDROVO,NOVA CRNJA,45.63789301760811,20.59721426573579,PETRA DRAPŠINA,33A
ALEKSANDROVO,NOVA CRNJA,45.641467557791486,20.592116593291482,VOJVODE MIŠIĆA,24A
ALEKSANDROVO,NOVA CRNJA,45.631210186227605,20.594719322437648,PETRA DRAPŠINA,55
ALEKSANDROVO,NOVA CRNJA,45.641511303476044,20.59398678125133,VOJVODE MIŠIĆA,33A
ALEKSANDROVO,NOVA CRNJA,45.64293374468746,20.58641627557747,VOJVODE MIŠIĆA,7
ALEKSANDROVO,NOVA CRNJA,45.64221442658669,20.587820647394746,VOJVODE MIŠIĆA,12B
ALEKSANDROVO,NOVA CRNJA,45.634907750843404,20.596137756443913,PETRA DRAPŠINA,41A
ALEKSANDROVO,NOVA CRNJA,45.62737552919821,20.597293320325665,SVETOZARA MILETIĆA,63
ALEKSANDROVO,NOVA CRNJA,45.64262971409382,20.58594975418219,VOJVODE MIŠIĆA,8
ALEKSANDROVO,NOVA CRNJA,45.64381857223944,20.599333297118978,PETRA DRAPŠINA,5
ALEKSANDROVO,NOVA CRNJA,45.646036130251495,20.600954456577647,MILIVOJA TOŠKOVA ,44
ALEKSANDROVO,NOVA CRNJA,45.64360456918394,20.599318653849092,PETRA DRAPŠINA,7
ALEKSANDROVO,NOVA CRNJA,45.64176411105076,20.592436908365485,VOJVODE MIŠIĆA,29
ALEKSANDROVO,NOVA CRNJA,45.63089472906186,20.59457431371649,PETRA DRAPŠINA,57
ALEKSANDROVO,NOVA CRNJA,45.64094733412608,20.594831335500167,VOJVODE MIŠIĆA,34
ALEKSANDROVO,NOVA CRNJA,45.633944990808295,20.59564840100707,PETRA DRAPŠINA,47A
ALEKSANDROVO,NOVA CRNJA,45.639976597491476,20.600354356834394,VOJVODE MIŠIĆA,54
ALEKSANDROVO,NOVA CRNJA,45.64202210906448,20.589003757646115,VOJVODE MIŠIĆA,14
ALEKSANDROVO,NOVA CRNJA,45.635430996611426,20.59627128426841,PETRA DRAPŠINA,39
ALEKSANDROVO,NOVA CRNJA,45.627825232080234,20.5922734087723,SVETOZARA MILETIĆA,46A
ALEKSANDROVO,NOVA CRNJA,45.63130411790139,20.594201485631412,PETRA DRAPŠINA,64
ALEKSANDROVO,NOVA CRNJA,45.63442871240557,20.5958552104929,PETRA DRAPŠINA,45
ALEKSANDROVO,NOVA CRNJA,45.64038454263941,20.59805202702501,PETRA DRAPŠINA,21
ALEKSANDROVO,NOVA CRNJA,45.639659931535995,20.602078078477263,VOJVODE MIŠIĆA,60
ALEKSANDROVO,NOVA CRNJA,45.627418612724256,20.596646702955827,SVETOZARA MILETIĆA,61
ALEKSANDROVO,NOVA CRNJA,45.63746195869948,20.596524225079946,PETRA DRAPŠINA,42
ALEKSANDROVO,NOVA CRNJA,45.64065348637299,20.598691047321577,VOJVODE MIŠIĆA,51
ALEKSANDROVO,NOVA CRNJA,45.64575411328632,20.602472405155904,MILIVOJA TOŠKOVA ,50
ALEKSANDROVO,NOVA CRNJA,45.629568417636115,20.583014787124878,SVETOZARA MILETIĆA,14
ALEKSANDROVO,NOVA CRNJA,45.63355777552552,20.59557343539606,PETRA DRAPŠINA,49
ALEKSANDROVO,NOVA CRNJA,45.63806448582902,20.59723998253063,PETRA DRAPŠINA,33
ALEKSANDROVO,NOVA CRNJA,45.640594685129614,20.599170987217757,VOJVODE MIŠIĆA,53
ALEKSANDROVO,NOVA CRNJA,45.640202795996665,20.600948134761385,VOJVODE MIŠIĆA,59
ALEKSANDROVO,NOVA CRNJA,45.642542815139855,20.58631136215799,VOJVODE MIŠIĆA,8A
ALEKSANDROVO,NOVA CRNJA,45.64235728839028,20.587252036506168,VOJVODE MIŠIĆA,12
ALEKSANDROVO,NOVA CRNJA,45.63044712512717,20.59389360714962,PETRA DRAPŠINA,70A
ALEKSANDROVO,NOVA CRNJA,45.64129796847446,20.596014214126576,VOJVODE MIŠIĆA,41
ALEKSANDROVO,NOVA CRNJA,45.629011099876074,20.586039774419795,SVETOZARA MILETIĆA,24
ALEKSANDROVO,NOVA CRNJA,45.64231690504435,20.587584555583987,VOJVODE MIŠIĆA,12A
ALEKSANDROVO,NOVA CRNJA,45.642037849934944,20.590931781232936,VOJVODE MIŠIĆA,23
ALEKSANDROVO,NOVA CRNJA,45.62740256655927,20.59458011839676,SVETOZARA MILETIĆA,54A
ALEKSANDROVO,NOVA CRNJA,45.64179695685263,20.598638100099386,PETRA DRAPŠINA,17A
ALEKSANDROVO,NOVA CRNJA,45.64192134684547,20.598919259016537,PETRA DRAPŠINA,17
ALEKSANDROVO,NOVA CRNJA,45.64358505737617,20.59876019993613,PETRA DRAPŠINA,8
ALEKSANDROVO,NOVA CRNJA,45.641873326253325,20.591967364315092,VOJVODE MIŠIĆA,27
ALEKSANDROVO,NOVA CRNJA,45.63275064686357,20.59534034816605,PETRA DRAPŠINA,53A
ALEKSANDROVO,NOVA CRNJA,45.635085438932954,20.596165990063323,PETRA DRAPŠINA,41
ALEKSANDROVO,NOVA CRNJA,45.62959786069398,20.582499990514492,SVETOZARA MILETIĆA,12
ALEKSANDROVO,NOVA CRNJA,45.629245990773185,20.58481517584092,SVETOZARA MILETIĆA,20
ALEKSANDROVO,NOVA CRNJA,45.630814626111,20.594018221239292,PETRA DRAPŠINA,68A
ALEKSANDROVO,NOVA CRNJA,45.63846710553958,20.583165505234653,NIKOLE TESLE,2A
ALEKSANDROVO,NOVA CRNJA,45.63422605497679,20.58134541738102,BRANKA RADIČEVIĆA,2
ALEKSANDROVO,NOVA CRNJA,45.63294993883071,20.588314905869222,BRANKA RADIČEVIĆA,26
ALEKSANDROVO,NOVA CRNJA,45.63482753815068,20.58886633559411,MIHAJLA PUPINA,65A
ALEKSANDROVO,NOVA CRNJA,45.64501084512788,20.5877748594407,KARAĐORĐEVA,11
ALEKSANDROVO,NOVA CRNJA,45.63362070816599,20.592563555786548,ŽARKA ZRENJANINA,64
ALEKSANDROVO,NOVA CRNJA,45.6402973092109,20.59278681130806,4.OKTOBRA,26
ALEKSANDROVO,NOVA CRNJA,45.63197911951663,20.594486437644612,BRANKA RADIČEVIĆA,48
ALEKSANDROVO,NOVA CRNJA,45.63057683650222,20.59630844636717,GAVRILA PRINCIPA,66
ALEKSANDROVO,NOVA CRNJA,45.63677024998878,20.59923828719432,GAVRILA PRINCIPA,39A
ALEKSANDROVO,NOVA CRNJA,45.63972167151762,20.600220027123203,GAVRILA PRINCIPA,23
ALEKSANDROVO,NOVA CRNJA,45.64436393894073,20.604317933483024,VUKA KARADŽIĆA,7
ALEKSANDROVO,NOVA CRNJA,45.62978045309089,20.586300188900847,MIHAJLA PUPINA,102
ALEKSANDROVO,NOVA CRNJA,45.63342282346038,20.586339721460444,BRANKA RADIČEVIĆA,20
ALEKSANDROVO,NOVA CRNJA,45.63520032666269,20.58596700602058,ĐURE JAKŠIĆA,68
ALEKSANDROVO,NOVA CRNJA,45.640821131855006,20.58616556103148,KARAĐORĐEVA,33
ALEKSANDROVO,NOVA CRNJA,45.63576101594058,20.58669383528912,ĐURE JAKŠIĆA,57
ALEKSANDROVO,NOVA CRNJA,45.6470816497849,20.586097390122216,SVETOZARA MARKOVIĆA,2
ALEKSANDROVO,NOVA CRNJA,45.63693707118689,20.589012577575364,MIHAJLA PUPINA,54B
ALEKSANDROVO,NOVA CRNJA,45.62948267200614,20.59640725984976,GAVRILA PRINCIPA,69
ALEKSANDROVO,NOVA CRNJA,45.633773401397065,20.597551188449945,GAVRILA PRINCIPA,54
ALEKSANDROVO,NOVA CRNJA,45.63434049343433,20.598276786102566,GAVRILA PRINCIPA,47
ALEKSANDROVO,NOVA CRNJA,45.6383241565598,20.59974815517409,GAVRILA PRINCIPA,31
ALEKSANDROVO,NOVA CRNJA,45.64393537164779,20.59162195934794,MIHAJLA PUPINA,18
ALEKSANDROVO,NOVA CRNJA,45.64351633001159,20.593905954750493,4.OKTOBRA,12
ALEKSANDROVO,NOVA CRNJA,45.63402396728171,20.58131625798776,ŽELEZNIČKA,61A
ALEKSANDROVO,NOVA CRNJA,45.633926904805854,20.583597670836635,BRANKA RADIČEVIĆA,10
ALEKSANDROVO,NOVA CRNJA,45.63551766611657,20.584198290336857,KARAĐORĐEVA,57
ALEKSANDROVO,NOVA CRNJA,45.634155536485146,20.584465096477956,BRANKA RADIČEVIĆA,11A
ALEKSANDROVO,NOVA CRNJA,45.6334526251387,20.588385511281473,BRANKA RADIČEVIĆA,25
ALEKSANDROVO,NOVA CRNJA,45.6407275658996,20.588519971658194,ĐURE JAKŠIĆA,31
ALEKSANDROVO,NOVA CRNJA,45.64433591432141,20.58771320874419,KARAĐORĐEVA,15A
ALEKSANDROVO,NOVA CRNJA,45.63113755617727,20.589352741226346,4.OKTOBRA,72
ALEKSANDROVO,NOVA CRNJA,45.631794784089166,20.589597607025365,4.OKTOBRA,68
ALEKSANDROVO,NOVA CRNJA,45.638819437438954,20.59205214766185,4.OKTOBRA,38
ALEKSANDROVO,NOVA CRNJA,45.63261319740801,20.59999036701649,VUKA KARADŽIĆA,67
ALEKSANDROVO,NOVA CRNJA,45.6380775629802,20.599141074621038,GAVRILA PRINCIPA,36
ALEKSANDROVO,NOVA CRNJA,45.64461131520899,20.591816466663918,MIHAJLA PUPINA,14
ALEKSANDROVO,NOVA CRNJA,45.64465865700079,20.60448204100259,VUKA KARADŽIĆA,5
ALEKSANDROVO,NOVA CRNJA,45.6326362885284,20.583111482561065,KARAĐORĐEVA,71
ALEKSANDROVO,NOVA CRNJA,45.635347473208476,20.58415284604316,KARAĐORĐEVA,59
ALEKSANDROVO,NOVA CRNJA,45.63144612578975,20.58758359547427,MIHAJLA PUPINA,83
ALEKSANDROVO,NOVA CRNJA,45.63177160762545,20.587710531336434,MIHAJLA PUPINA,81
ALEKSANDROVO,NOVA CRNJA,45.644098499769186,20.584986892004583,ŽELEZNIČKA,19
ALEKSANDROVO,NOVA CRNJA,45.639792377353245,20.59072690672526,MIHAJLA PUPINA,41
ALEKSANDROVO,NOVA CRNJA,45.63750251110814,20.59157310028736,NIKOLE TESLE,33
ALEKSANDROVO,NOVA CRNJA,45.626352453682294,20.593675586599453,MILOŠA PETROVIĆA,51
ALEKSANDROVO,NOVA CRNJA,45.6316414320864,20.595891281198252,BRANKA RADIČEVIĆA,54
ALEKSANDROVO,NOVA CRNJA,45.635953460710894,20.59986729305788,NIKOLE TESLE,71
ALEKSANDROVO,NOVA CRNJA,45.63834296035399,20.602116399006437,VUKA KARADŽIĆA,41
ALEKSANDROVO,NOVA CRNJA,45.64318866332794,20.601616799965523,GAVRILA PRINCIPA,5
ALEKSANDROVO,NOVA CRNJA,45.63189097959841,20.580447404364037,ŽELEZNIČKA,73
ALEKSANDROVO,NOVA CRNJA,45.635888771425506,20.58057795457431,ŽELEZNIČKA,44
ALEKSANDROVO,NOVA CRNJA,45.63856517577597,20.585331073470563,NIKOLE TESLE,15
ALEKSANDROVO,NOVA CRNJA,45.63915001841037,20.58740903197246,ĐURE JAKŠIĆA,48
ALEKSANDROVO,NOVA CRNJA,45.644352556459104,20.587610811289263,KARAĐORĐEVA,15
ALEKSANDROVO,NOVA CRNJA,45.63533680139864,20.589088941350656,MIHAJLA PUPINA,63
ALEKSANDROVO,NOVA CRNJA,45.6364822810344,20.589520663846336,MIHAJLA PUPINA,55B
ALEKSANDROVO,NOVA CRNJA,45.638596447390164,20.590281131412944,MIHAJLA PUPINA,51
ALEKSANDROVO,NOVA CRNJA,45.632292841357376,20.592701090720716,BRANKA RADIČEVIĆA,42
ALEKSANDROVO,NOVA CRNJA,45.6339349972704,20.59273371573719,ŽARKA ZRENJANINA,60
ALEKSANDROVO,NOVA CRNJA,45.639775098530144,20.5925911927175,4.OKTOBRA,28A
ALEKSANDROVO,NOVA CRNJA,45.63709607585149,20.59446646705244,NIKOLE TESLE,47
ALEKSANDROVO,NOVA CRNJA,45.63468112251688,20.59841445957052,GAVRILA PRINCIPA,45
ALEKSANDROVO,NOVA CRNJA,45.6389952721743,20.60183655025364,VUKA KARADŽIĆA,20
ALEKSANDROVO,NOVA CRNJA,45.637898288627795,20.58135528108589,ŽELEZNIČKA,18
ALEKSANDROVO,NOVA CRNJA,45.63296436089984,20.5832563378959,KARAĐORĐEVA,67
ALEKSANDROVO,NOVA CRNJA,45.630535196328935,20.58491470703183,ĐURE JAKŠIĆA,89
ALEKSANDROVO,NOVA CRNJA,45.63946404759467,20.58573902640323,KARAĐORĐEVA,41
ALEKSANDROVO,NOVA CRNJA,45.63262904630037,20.59285825892005,BRANKA RADIČEVIĆA,41
ALEKSANDROVO,NOVA CRNJA,45.63675786919536,20.595368474772595,NIKOLE TESLE,53
ALEKSANDROVO,NOVA CRNJA,45.63930347549091,20.595333342924874,ŽARKA ZRENJANINA,25
ALEKSANDROVO,NOVA CRNJA,45.63732882250395,20.5993851972296,GAVRILA PRINCIPA,37
ALEKSANDROVO,NOVA CRNJA,45.6280164277457,20.585499562381504,MILOŠA PETROVIĆA,23
ALEKSANDROVO,NOVA CRNJA,45.631220985340086,20.585040762663034,ĐURE JAKŠIĆA,83
ALEKSANDROVO,NOVA CRNJA,45.63277202042426,20.585113608660723,ĐURE JAKŠIĆA,78
ALEKSANDROVO,NOVA CRNJA,45.63803500189263,20.585921237199702,NIKOLE TESLE,14
ALEKSANDROVO,NOVA CRNJA,45.641226880682765,20.585839211722753,KARAĐORĐEVA,36
ALEKSANDROVO,NOVA CRNJA,45.64015678943363,20.587813023242102,ĐURE JAKŠIĆA,40
ALEKSANDROVO,NOVA CRNJA,45.6306435306279,20.589112333505625,4.OKTOBRA,74A
ALEKSANDROVO,NOVA CRNJA,45.63419923113327,20.59050858011022,4.OKTOBRA,60A
ALEKSANDROVO,NOVA CRNJA,45.64041286247784,20.590188977651767,MIHAJLA PUPINA,40
ALEKSANDROVO,NOVA CRNJA,45.6287393889576,20.5961311264484,GAVRILA PRINCIPA,73
ALEKSANDROVO,NOVA CRNJA,45.63649774472518,20.59664174606215,NIKOLE TESLE,57
ALEKSANDROVO,NOVA CRNJA,45.645830348209806,20.590419223716435,ĐURE JAKŠIĆA,5
ALEKSANDROVO,NOVA CRNJA,45.64616469119865,20.593052420014182,SVETOZARA MARKOVIĆA,25
ALEKSANDROVO,NOVA CRNJA,45.64134127210606,20.603285587595078,VUKA KARADŽIĆA,23
ALEKSANDROVO,NOVA CRNJA,45.63634638760766,20.580776624431312,ŽELEZNIČKA,36
ALEKSANDROVO,NOVA CRNJA,45.641731329934295,20.58597382328813,KARAĐORĐEVA,30
ALEKSANDROVO,NOVA CRNJA,45.635645699477564,20.589135183212804,MIHAJLA PUPINA,61
ALEKSANDROVO,NOVA CRNJA,45.63667835517645,20.5896303469143,MIHAJLA PUPINA,55
ALEKSANDROVO,NOVA CRNJA,45.63923890687065,20.589897538363733,MIHAJLA PUPINA,48
ALEKSANDROVO,NOVA CRNJA,45.63657019389563,20.593768930660445,NIKOLE TESLE,34A
ALEKSANDROVO,NOVA CRNJA,45.63177843503988,20.595435997838326,BRANKA RADIČEVIĆA,52
ALEKSANDROVO,NOVA CRNJA,45.642508890461876,20.596531756370112,ŽARKA ZRENJANINA,11A
ALEKSANDROVO,NOVA CRNJA,45.628185952073885,20.597823763109528,VUKA KARADŽIĆA,64
ALEKSANDROVO,NOVA CRNJA,45.64467803730907,20.59914456209377,SVETOZARA MARKOVIĆA,50
ALEKSANDROVO,NOVA CRNJA,45.64380912339399,20.601779480330865,GAVRILA PRINCIPA,1
ALEKSANDROVO,NOVA CRNJA,45.643236976967664,20.603266048290404,VUKA KARADŽIĆA,2
ALEKSANDROVO,NOVA CRNJA,45.64386601607638,20.60367096279541,SVETOZARA MARKOVIĆA,66
ALEKSANDROVO,NOVA CRNJA,45.63539678121131,20.580332969761983,ŽELEZNIČKA,50
ALEKSANDROVO,NOVA CRNJA,45.631407591890124,20.58509506599812,ĐURE JAKŠIĆA,81
ALEKSANDROVO,NOVA CRNJA,45.634058099489025,20.58539356795718,BRANKA RADIČEVIĆA,15
ALEKSANDROVO,NOVA CRNJA,45.646116380550275,20.587612370307127,KARAĐORĐEVA,6
ALEKSANDROVO,NOVA CRNJA,45.63206054576509,20.592050381169702,ŽARKA ZRENJANINA,68
ALEKSANDROVO,NOVA CRNJA,45.632406764763736,20.59393205627181,BRANKA RADIČEVIĆA,45
ALEKSANDROVO,NOVA CRNJA,45.626069524752246,20.595264756816807,MILOŠA PETROVIĆA,57
ALEKSANDROVO,NOVA CRNJA,45.631892077278216,20.59682514988398,BRANKA RADIČEVIĆA,55
ALEKSANDROVO,NOVA CRNJA,45.63740884460791,20.59884765136718,GAVRILA PRINCIPA,40
ALEKSANDROVO,NOVA CRNJA,45.63699192459041,20.599233114343015,GAVRILA PRINCIPA,39
ALEKSANDROVO,NOVA CRNJA,45.63800628509733,20.601459135263095,VUKA KARADŽIĆA,24A
ALEKSANDROVO,NOVA CRNJA,45.64413378290805,20.589120362879616,ĐURE JAKŠIĆA,16
ALEKSANDROVO,NOVA CRNJA,45.64499948649754,20.592612739268603,MIHAJLA PUPINA,7
ALEKSANDROVO,NOVA CRNJA,45.63255185703756,20.580700481481287,ŽELEZNIČKA,69A
ALEKSANDROVO,NOVA CRNJA,45.63994265881428,20.58211495267966,ŽELEZNIČKA,4
ALEKSANDROVO,NOVA CRNJA,45.63928554715491,20.59239174813206,4.OKTOBRA,32
ALEKSANDROVO,NOVA CRNJA,45.63888009257964,20.592805931005884,4.OKTOBRA,41
ALEKSANDROVO,NOVA CRNJA,45.64086318725485,20.593542351406825,4.OKTOBRA,23
ALEKSANDROVO,NOVA CRNJA,45.62650532856306,20.597679402458223,VUKA KARADŽIĆA,101
ALEKSANDROVO,NOVA CRNJA,45.631933889473686,20.599705504726657,VUKA KARADŽIĆA,71
ALEKSANDROVO,NOVA CRNJA,45.63600214648507,20.599376687890892,NIKOLE TESLE,69
ALEKSANDROVO,NOVA CRNJA,45.63464807774715,20.6002590553439,VUKA KARADŽIĆA,34
ALEKSANDROVO,NOVA CRNJA,45.642922459090016,20.60077817650842,GAVRILA PRINCIPA,8
ALEKSANDROVO,NOVA CRNJA,45.64492716053252,20.59010794030872,ĐURE JAKŠIĆA,15
ALEKSANDROVO,NOVA CRNJA,45.639196592940856,20.602422415985664,VUKA KARADŽIĆA,35A
ALEKSANDROVO,NOVA CRNJA,45.636705997022695,20.580831809791032,ŽELEZNIČKA,32
ALEKSANDROVO,NOVA CRNJA,45.6371969944644,20.581174583530686,ŽELEZNIČKA,24
ALEKSANDROVO,NOVA CRNJA,45.63643686595947,20.584056897634525,KARAĐORĐEVA,62
ALEKSANDROVO,NOVA CRNJA,45.63849837292258,20.58342164092794,NIKOLE TESLE,4
ALEKSANDROVO,NOVA CRNJA,45.638812579332445,20.584059593412555,NIKOLE TESLE,9
ALEKSANDROVO,NOVA CRNJA,45.62787177622077,20.585572213153725,MILOŠA PETROVIĆA,23A
ALEKSANDROVO,NOVA CRNJA,45.631879393168454,20.587174486054316,MIHAJLA PUPINA,80
ALEKSANDROVO,NOVA CRNJA,45.62964005521367,20.5887728928192,4.OKTOBRA,80A
ALEKSANDROVO,NOVA CRNJA,45.63476824640242,20.593096681052803,ŽARKA ZRENJANINA,52A
ALEKSANDROVO,NOVA CRNJA,45.6362954244583,20.595171644091284,NIKOLE TESLE,42
ALEKSANDROVO,NOVA CRNJA,45.62947792822791,20.59833025504558,VUKA KARADŽIĆA,56
ALEKSANDROVO,NOVA CRNJA,45.62983076292487,20.598406506265455,VUKA KARADŽIĆA,54
ALEKSANDROVO,NOVA CRNJA,45.631398490136135,20.599544584255142,VUKA KARADŽIĆA,73
ALEKSANDROVO,NOVA CRNJA,45.6332492450665,20.600310954502575,VUKA KARADŽIĆA,63
ALEKSANDROVO,NOVA CRNJA,45.63824052051029,20.602087869020526,VUKA KARADŽIĆA,43
ALEKSANDROVO,NOVA CRNJA,45.644693148763295,20.58948456992107,ĐURE JAKŠIĆA,14
ALEKSANDROVO,NOVA CRNJA,45.64537755506604,20.5895783833244,ĐURE JAKŠIĆA,8
ALEKSANDROVO,NOVA CRNJA,45.64351881682097,20.59210273443693,MIHAJLA PUPINA,19
ALEKSANDROVO,NOVA CRNJA,45.633379775209626,20.58930185281685,BRANKA RADIČEVIĆA,29A
ALEKSANDROVO,NOVA CRNJA,45.63080152877975,20.584368644011686,ĐURE JAKŠIĆA,94
ALEKSANDROVO,NOVA CRNJA,45.642033571690405,20.584236451994244,ŽELEZNIČKA,23A
ALEKSANDROVO,NOVA CRNJA,45.63797143352432,20.586113915115213,NIKOLE TESLE,16
ALEKSANDROVO,NOVA CRNJA,45.63883681573866,20.587367319395778,ĐURE JAKŠIĆA,50
ALEKSANDROVO,NOVA CRNJA,45.63990251778286,20.588213563279016,ĐURE JAKŠIĆA,35A
ALEKSANDROVO,NOVA CRNJA,45.639135139739814,20.590478400841814,MIHAJLA PUPINA,47A
ALEKSANDROVO,NOVA CRNJA,45.62763228232324,20.590997707778047,ŽARKA ZRENJANINA,79
ALEKSANDROVO,NOVA CRNJA,45.630072436686966,20.591324811248164,ŽARKA ZRENJANINA,80
ALEKSANDROVO,NOVA CRNJA,45.63510436024434,20.593152626976178,ŽARKA ZRENJANINA,50A
ALEKSANDROVO,NOVA CRNJA,45.63635249589233,20.594995452303415,NIKOLE TESLE,40
ALEKSANDROVO,NOVA CRNJA,45.64376553526962,20.58971578389141,ĐURE JAKŠIĆA,21A
ALEKSANDROVO,NOVA CRNJA,45.632716542625936,20.582658377369615,KARAĐORĐEVA,82
ALEKSANDROVO,NOVA CRNJA,45.63288618373962,20.585667917228033,ĐURE JAKŠIĆA,69
ALEKSANDROVO,NOVA CRNJA,45.6363406994754,20.58637714584915,ĐURE JAKŠIĆA,60
ALEKSANDROVO,NOVA CRNJA,45.63890471784343,20.587850817640266,ĐURE JAKŠIĆA,41A
ALEKSANDROVO,NOVA CRNJA,45.6349914536943,20.589093903125804,MIHAJLA PUPINA,65
ALEKSANDROVO,NOVA CRNJA,45.62610412697044,20.59469172066009,MILOŠA PETROVIĆA,55
ALEKSANDROVO,NOVA CRNJA,45.63080716420238,20.596892970505834,GAVRILA PRINCIPA,61
ALEKSANDROVO,NOVA CRNJA,45.63313357714057,20.597182800449517,GAVRILA PRINCIPA,58
ALEKSANDROVO,NOVA CRNJA,45.64088100393361,20.600687326702456,GAVRILA PRINCIPA,21
ALEKSANDROVO,NOVA CRNJA,45.64670966179742,20.593244948378583,MIHAJLA PUPINA,1
ALEKSANDROVO,NOVA CRNJA,45.64343797637246,20.59633119059322,ŽARKA ZRENJANINA,10
ALEKSANDROVO,NOVA CRNJA,45.63853273873975,20.583170022750284,NIKOLE TESLE,2
ALEKSANDROVO,NOVA CRNJA,45.63451336876863,20.59063562160315,4.OKTOBRA,58A
ALEKSANDROVO,NOVA CRNJA,45.63265592703053,20.590733308791776,BRANKA RADIČEVIĆA,34A
ALEKSANDROVO,NOVA CRNJA,45.63677686999948,20.5927366096176,NIKOLE TESLE,28
ALEKSANDROVO,NOVA CRNJA,45.639464920565096,20.59537529434541,ŽARKA ZRENJANINA,23
ALEKSANDROVO,NOVA CRNJA,45.628740643510014,20.598581196198793,VUKA KARADŽIĆA,89
ALEKSANDROVO,NOVA CRNJA,45.63632722669722,20.597600140565493,NIKOLE TESLE,63
ALEKSANDROVO,NOVA CRNJA,45.64257390208803,20.60053453174704,GAVRILA PRINCIPA,10
ALEKSANDROVO,NOVA CRNJA,45.641304679374244,20.603271474182222,VUKA KARADŽIĆA,25
ALEKSANDROVO,NOVA CRNJA,45.63219410190516,20.579191417555755,ŽELEZNIČKA,76
ALEKSANDROVO,NOVA CRNJA,45.63356377693374,20.582824525070723,KARAĐORĐEVA,74
ALEKSANDROVO,NOVA CRNJA,45.63435591460403,20.58377758142431,BRANKA RADIČEVIĆA,9
ALEKSANDROVO,NOVA CRNJA,45.63973322747013,20.58340196821271,ŽELEZNIČKA,39
ALEKSANDROVO,NOVA CRNJA,45.64090358565098,20.585620759190533,KARAĐORĐEVA,40
ALEKSANDROVO,NOVA CRNJA,45.634949939007726,20.58639443419757,ĐURE JAKŠIĆA,61A
ALEKSANDROVO,NOVA CRNJA,45.63962706168688,20.58763187772124,ĐURE JAKŠIĆA,44
ALEKSANDROVO,NOVA CRNJA,45.64118075918423,20.58806959356813,ĐURE JAKŠIĆA,32
ALEKSANDROVO,NOVA CRNJA,45.63118006585755,20.589961192344504,4.OKTOBRA,81A
ALEKSANDROVO,NOVA CRNJA,45.633935171073794,20.590993559031485,4.OKTOBRA,71
ALEKSANDROVO,NOVA CRNJA,45.6262485291507,20.593862990830306,MILOŠA PETROVIĆA,53
ALEKSANDROVO,NOVA CRNJA,45.6364950383047,20.594250755157738,NIKOLE TESLE,36
ALEKSANDROVO,NOVA CRNJA,45.634483111854394,20.598391624623794,GAVRILA PRINCIPA,45A
ALEKSANDROVO,NOVA CRNJA,45.63666997694113,20.598673420756647,GAVRILA PRINCIPA,44
ALEKSANDROVO,NOVA CRNJA,45.635355335234884,20.60050627423796,NIKOLE TESLE,62
ALEKSANDROVO,NOVA CRNJA,45.644870863674974,20.600256805254663,SVETOZARA MARKOVIĆA,51
ALEKSANDROVO,NOVA CRNJA,45.63618009863091,20.58204258442124,ŽELEZNIČKA,55
ALEKSANDROVO,NOVA CRNJA,45.64549036166312,20.587985008572005,KARAĐORĐEVA,7
ALEKSANDROVO,NOVA CRNJA,45.645843292830484,20.5880364476965,KARAĐORĐEVA,3
ALEKSANDROVO,NOVA CRNJA,45.639733148619946,20.5900232741142,MIHAJLA PUPINA,46
ALEKSANDROVO,NOVA CRNJA,45.636871751121475,20.59213428436702,NIKOLE TESLE,24
ALEKSANDROVO,NOVA CRNJA,45.6342582027427,20.592905480949987,ŽARKA ZRENJANINA,58
ALEKSANDROVO,NOVA CRNJA,45.64018574304296,20.593304861010576,4.OKTOBRA,29
ALEKSANDROVO,NOVA CRNJA,45.63639386924181,20.594504635553545,NIKOLE TESLE,36A
ALEKSANDROVO,NOVA CRNJA,45.627262017902694,20.59808296643394,VUKA KARADŽIĆA,97A
ALEKSANDROVO,NOVA CRNJA,45.631700881550465,20.597765395025153,BRANKA RADIČEVIĆA,59
ALEKSANDROVO,NOVA CRNJA,45.64569103273756,20.589847380580284,ĐURE JAKŠIĆA,4
ALEKSANDROVO,NOVA CRNJA,45.643320638889456,20.597003804634365,ŽARKA ZRENJANINA,7
ALEKSANDROVO,NOVA CRNJA,45.64261003520522,20.60369881046654,VUKA KARADŽIĆA,15
ALEKSANDROVO,NOVA CRNJA,45.636947574333526,20.581026064062392,ŽELEZNIČKA,28
ALEKSANDROVO,NOVA CRNJA,45.638150179116934,20.581441170198637,ŽELEZNIČKA,16
ALEKSANDROVO,NOVA CRNJA,45.63891935295527,20.583645763715854,NIKOLE TESLE,5
ALEKSANDROVO,NOVA CRNJA,45.630975219552425,20.584311680192716,ĐURE JAKŠIĆA,92
ALEKSANDROVO,NOVA CRNJA,45.63618763459407,20.584453798195874,KARAĐORĐEVA,53
ALEKSANDROVO,NOVA CRNJA,45.641407371989075,20.58876072563941,ĐURE JAKŠIĆA,27
ALEKSANDROVO,NOVA CRNJA,45.64089514693618,20.590494450233184,MIHAJLA PUPINA,36
ALEKSANDROVO,NOVA CRNJA,45.636228224823945,20.594699830295504,NIKOLE TESLE,38
ALEKSANDROVO,NOVA CRNJA,45.639698852109106,20.59491745135739,ŽARKA ZRENJANINA,26A
ALEKSANDROVO,NOVA CRNJA,45.64516007066844,20.59274118584114,MIHAJLA PUPINA,5
ALEKSANDROVO,NOVA CRNJA,45.64418136098032,20.59230080810163,MIHAJLA PUPINA,15
ALEKSANDROVO,NOVA CRNJA,45.631975826139666,20.584749730889992,ĐURE JAKŠIĆA,84
ALEKSANDROVO,NOVA CRNJA,45.63363103873559,20.58540274722852,BRANKA RADIČEVIĆA,16
ALEKSANDROVO,NOVA CRNJA,45.630225938214615,20.586507055776384,MIHAJLA PUPINA,98
ALEKSANDROVO,NOVA CRNJA,45.640968016384996,20.588130307062375,ĐURE JAKŠIĆA,34
ALEKSANDROVO,NOVA CRNJA,45.63898896966379,20.592241205862813,4.OKTOBRA,36
ALEKSANDROVO,NOVA CRNJA,45.63524025693646,20.593324726543543,ŽARKA ZRENJANINA,50
ALEKSANDROVO,NOVA CRNJA,45.63220148946789,20.595032536855676,BRANKA RADIČEVIĆA,49
ALEKSANDROVO,NOVA CRNJA,45.62988906872077,20.596077454003467,GAVRILA PRINCIPA,70
ALEKSANDROVO,NOVA CRNJA,45.63572157050241,20.597860317117807,NIKOLE TESLE,52
ALEKSANDROVO,NOVA CRNJA,45.64752284257167,20.592902061160235,MIHAJLA PUPINA,2
ALEKSANDROVO,NOVA CRNJA,45.6416495205098,20.602835706161574,VUKA KARADŽIĆA,12
ALEKSANDROVO,NOVA CRNJA,45.631378154812275,20.582179760458448,KARAĐORĐEVA,90
ALEKSANDROVO,NOVA CRNJA,45.63255991477209,20.58253201117325,KARAĐORĐEVA,82A
ALEKSANDROVO,NOVA CRNJA,45.638446474865376,20.583678777739795,NIKOLE TESLE,4A
ALEKSANDROVO,NOVA CRNJA,45.63708769785667,20.587425835559326,ĐURE JAKŠIĆA,49
ALEKSANDROVO,NOVA CRNJA,45.63625760311377,20.58851573613842,MIHAJLA PUPINA,58
ALEKSANDROVO,NOVA CRNJA,45.6450972489554,20.58727490479704,KARAĐORĐEVA,14
ALEKSANDROVO,NOVA CRNJA,45.63039520751389,20.589616673970884,4.OKTOBRA,87
ALEKSANDROVO,NOVA CRNJA,45.63741499741662,20.589156383123736,MIHAJLA PUPINA,52B
ALEKSANDROVO,NOVA CRNJA,45.63659042107781,20.593433003197593,NIKOLE TESLE,34
ALEKSANDROVO,NOVA CRNJA,45.638061663427976,20.59435621125701,ŽARKA ZRENJANINA,40A
ALEKSANDROVO,NOVA CRNJA,45.63402996120004,20.598097585972017,GAVRILA PRINCIPA,49
ALEKSANDROVO,NOVA CRNJA,45.64427394133037,20.601421239384464,SVETOZARA MARKOVIĆA,58
ALEKSANDROVO,NOVA CRNJA,45.63506278275583,20.583537551727765,KARAĐORĐEVA,72
ALEKSANDROVO,NOVA CRNJA,45.63886874234826,20.58388582710065,NIKOLE TESLE,7
ALEKSANDROVO,NOVA CRNJA,45.63091887176103,20.587389888555766,MIHAJLA PUPINA,85A
ALEKSANDROVO,NOVA CRNJA,45.63444029317826,20.586216763155143,ĐURE JAKŠIĆA,65
ALEKSANDROVO,NOVA CRNJA,45.6318838664595,20.58774024290741,MIHAJLA PUPINA,79
ALEKSANDROVO,NOVA CRNJA,45.63505615351304,20.588289219408214,MIHAJLA PUPINA,66
ALEKSANDROVO,NOVA CRNJA,45.646906765482846,20.587043452966704,SVETOZARA MARKOVIĆA,6
ALEKSANDROVO,NOVA CRNJA,45.6395101286616,20.590707404843563,MIHAJLA PUPINA,43
ALEKSANDROVO,NOVA CRNJA,45.63823314429302,20.59441066108614,ŽARKA ZRENJANINA,40
ALEKSANDROVO,NOVA CRNJA,45.636560572769895,20.601541107894384,VUKA KARADŽIĆA,51
ALEKSANDROVO,NOVA CRNJA,45.638666094713344,20.601729302894455,VUKA KARADŽIĆA,22
ALEKSANDROVO,NOVA CRNJA,45.644350481872316,20.600580165006367,SVETOZARA MARKOVIĆA,56
ALEKSANDROVO,NOVA CRNJA,45.63871628178841,20.602312641222156,VUKA KARADŽIĆA,39
ALEKSANDROVO,NOVA CRNJA,45.63750976742415,20.584970224154453,KARAĐORĐEVA,45
ALEKSANDROVO,NOVA CRNJA,45.62996887502994,20.587030583780088,MIHAJLA PUPINA,91A
ALEKSANDROVO,NOVA CRNJA,45.63675392802019,20.587072743227694,ĐURE JAKŠIĆA,51
ALEKSANDROVO,NOVA CRNJA,45.64543406481359,20.587399989341783,KARAĐORĐEVA,12
ALEKSANDROVO,NOVA CRNJA,45.63171889269977,20.59198101378532,ŽARKA ZRENJANINA,70
ALEKSANDROVO,NOVA CRNJA,45.6376510655983,20.59474346282453,ŽARKA ZRENJANINA,37
ALEKSANDROVO,NOVA CRNJA,45.638890501847364,20.594669986453464,ŽARKA ZRENJANINA,34
ALEKSANDROVO,NOVA CRNJA,45.630908406303334,20.596377911060713,GAVRILA PRINCIPA,64
ALEKSANDROVO,NOVA CRNJA,45.63278332045105,20.59717414769066,GAVRILA PRINCIPA,60
ALEKSANDROVO,NOVA CRNJA,45.64607434758764,20.593514674932234,SVETOZARA MARKOVIĆA,27
ALEKSANDROVO,NOVA CRNJA,45.64287915574371,20.603255998356282,VUKA KARADŽIĆA,4
ALEKSANDROVO,NOVA CRNJA,45.63832217814802,20.58387806809088,NIKOLE TESLE,6
ALEKSANDROVO,NOVA CRNJA,45.63039343885792,20.584743326854905,ĐURE JAKŠIĆA,89A
ALEKSANDROVO,NOVA CRNJA,45.63660466138736,20.584111341773465,KARAĐORĐEVA,60
ALEKSANDROVO,NOVA CRNJA,45.63740705400211,20.584446709452212,KARAĐORĐEVA,54
ALEKSANDROVO,NOVA CRNJA,45.63686132921119,20.586481094463323,ĐURE JAKŠIĆA,56
ALEKSANDROVO,NOVA CRNJA,45.63437666059299,20.590439159150634,4.OKTOBRA,60
ALEKSANDROVO,NOVA CRNJA,45.635248300946984,20.59146720181284,4.OKTOBRA,61
ALEKSANDROVO,NOVA CRNJA,45.63438226744854,20.592737660869567,ŽARKA ZRENJANINA,56
ALEKSANDROVO,NOVA CRNJA,45.635814836246546,20.593490575778972,ŽARKA ZRENJANINA,46
ALEKSANDROVO,NOVA CRNJA,45.63737266432578,20.593602488620085,NIKOLE TESLE,43
ALEKSANDROVO,NOVA CRNJA,45.64053865260115,20.593350811455,4.OKTOBRA,27
ALEKSANDROVO,NOVA CRNJA,45.631739671337236,20.597534183574904,BRANKA RADIČEVIĆA,57A
ALEKSANDROVO,NOVA CRNJA,45.63543016670707,20.598615680508075,GAVRILA PRINCIPA,41
ALEKSANDROVO,NOVA CRNJA,45.63128442859679,20.582738927709844,KARAĐORĐEVA,79
ALEKSANDROVO,NOVA CRNJA,45.63223708728751,20.58246794974362,KARAĐORĐEVA,84A
ALEKSANDROVO,NOVA CRNJA,45.6390346490499,20.583125882472544,NIKOLE TESLE,1
ALEKSANDROVO,NOVA CRNJA,45.63296750589765,20.585159123829055,ĐURE JAKŠIĆA,76
ALEKSANDROVO,NOVA CRNJA,45.64345714168533,20.586638401804493,KARAĐORĐEVA,24
ALEKSANDROVO,NOVA CRNJA,45.63875818486926,20.589701775729516,MIHAJLA PUPINA,52
ALEKSANDROVO,NOVA CRNJA,45.63221761973501,20.593163122576797,BRANKA RADIČEVIĆA,44
ALEKSANDROVO,NOVA CRNJA,45.631914277741295,20.593969739859272,BRANKA RADIČEVIĆA,46A
ALEKSANDROVO,NOVA CRNJA,45.63814544962202,20.59488540392026,ŽARKA ZRENJANINA,33
ALEKSANDROVO,NOVA CRNJA,45.64268187887944,20.596631118798467,ŽARKA ZRENJANINA,11
ALEKSANDROVO,NOVA CRNJA,45.63360462229362,20.600342556316974,VUKA KARADŽIĆA,61
ALEKSANDROVO,NOVA CRNJA,45.637833275642436,20.601352580901604,VUKA KARADŽIĆA,26
ALEKSANDROVO,NOVA CRNJA,45.64684352105882,20.589424716816236,SVETOZARA MARKOVIĆA,13
ALEKSANDROVO,NOVA CRNJA,45.64602280542434,20.589972518630972,ĐURE JAKŠIĆA,2
ALEKSANDROVO,NOVA CRNJA,45.64184877173318,20.602930923057926,VUKA KARADŽIĆA,10
ALEKSANDROVO,NOVA CRNJA,45.631969031874306,20.582884724980694,KARAĐORĐEVA,75
ALEKSANDROVO,NOVA CRNJA,45.63724805832979,20.584361660903046,KARAĐORĐEVA,56
ALEKSANDROVO,NOVA CRNJA,45.635532058493496,20.58607952463895,ĐURE JAKŠIĆA,66
ALEKSANDROVO,NOVA CRNJA,45.6417951245145,20.58656426517373,KARAĐORĐEVA,25
ALEKSANDROVO,NOVA CRNJA,45.63809250500345,20.58805886237596,NIKOLE TESLE,27
ALEKSANDROVO,NOVA CRNJA,45.6346730977356,20.588795615055165,MIHAJLA PUPINA,67
ALEKSANDROVO,NOVA CRNJA,45.647006293023715,20.58845898809523,SVETOZARA MARKOVIĆA,9
ALEKSANDROVO,NOVA CRNJA,45.63336081643454,20.589085805204153,BRANKA RADIČEVIĆA,27A
ALEKSANDROVO,NOVA CRNJA,45.639523875771964,20.58997270470823,MIHAJLA PUPINA,46A
ALEKSANDROVO,NOVA CRNJA,45.63336685532477,20.597839694973544,GAVRILA PRINCIPA,53
ALEKSANDROVO,NOVA CRNJA,45.63444197007123,20.597749891201747,GAVRILA PRINCIPA,50
ALEKSANDROVO,NOVA CRNJA,45.639245585843625,20.599544119728098,GAVRILA PRINCIPA,28A
ALEKSANDROVO,NOVA CRNJA,45.63752032846542,20.601202111318962,VUKA KARADŽIĆA,28
ALEKSANDROVO,NOVA CRNJA,45.64180868158222,20.60098305763235,GAVRILA PRINCIPA,13A
ALEKSANDROVO,NOVA CRNJA,45.64494613132431,20.59201306990821,MIHAJLA PUPINA,10
ALEKSANDROVO,NOVA CRNJA,45.64476421630381,20.600749695428945,SVETOZARA MARKOVIĆA,53
ALEKSANDROVO,NOVA CRNJA,45.639300045535975,20.602457483901432,VUKA KARADŽIĆA,35
